underlying_symbol,quote_date,root,expiration,strike,option_type,open,high,low,close,trade_volume,bid_size_1545,bid_1545,ask_size_1545,ask_1545,underlying_bid_1545,underlying_ask_1545,bid_size_eod,bid_eod,ask_size_eod,ask_eod,underlying_bid_eod,underlying_ask_eod,vwap,open_interest,delivery_code
^SPX,2004-01-02,SYG,2004-01-17,600.000,c,0.00,0.00,0.00,0.00,0,1,506.50,1,508.50,1107.80,1107.80,1,509.00,1,511.00,1108.49,1108.49,0.00,1,0
^SPX,2004-01-02,SYG,2004-01-17,600.000,p,0.00,0.00,0.00,0.00,0,0,0.00,10,0.05,1107.80,1107.80,0,0.00,10,0.05,1108.49,1108.49,0.00,131,0
^SPX,2004-01-02,SYG,2004-01-17,625.000,c,0.00,0.00,0.00,0.00,0,1,481.50,1,483.50,1107.80,1107.80,1,484.00,1,486.00,1108.49,1108.49,0.00,0,0
^SPX,2004-01-02,SYG,2004-01-17,625.000,p,0.00,0.00,0.00,0.00,0,0,0.00,10,0.05,1107.80,1107.80,0,0.00,10,0.05,1108.49,1108.49,0.00,100,0
^SPX,2004-01-02,SYG,2004-01-17,650.000,c,0.00,0.00,0.00,0.00,0,1,456.50,1,458.50,1107.80,1107.80,1,459.00,1,461.00,1108.49,1108.49,0.00,0,0
^SPX,2004-01-02,SYG,2004-01-17,650.000,p,0.00,0.00,0.00,0.00,0,0,0.00,10,0.05,1107.80,1107.80,0,0.00,10,0.05,1108.49,1108.49,0.00,675,0
^SPX,2004-01-02,SYG,2004-01-17,675.000,c,0.00,0.00,0.00,0.00,0,1,431.50,1,433.50,1107.80,1107.80,1,434.00,1,436.00,1108.49,1108.49,0.00,0,0
^SPX,2004-01-02,SYG,2004-01-17,675.000,p,0.00,0.00,0.00,0.00,0,0,0.00,10,0.05,1107.80,1107.80,0,0.00,10,0.05,1108.49,1108.49,0.00,0,0
^SPX,2004-01-02,SPZ,2004-01-17,700.000,c,0.00,0.00,0.00,0.00,0,1,406.30,1,408.30,1107.80,1107.80,1,409.00,1,411.00,1108.49,1108.49,0.00,0,0
^SPX,2004-01-02,SPZ,2004-01-17,700.000,p,0.00,0.00,0.00,0.00,0,0,0.00,10,0.05,1107.80,1107.80,0,0.00,10,0.05,1108.49,1108.49,0.00,2092,0
^SPX,2004-01-02,SPZ,2004-01-17,725.000,c,0.00,0.00,0.00,0.00,0,1,381.30,1,383.30,1107.80,1107.80,1,383.80,1,385.80,1108.49,1108.49,0.00,0,0
^SPX,2004-01-02,SPZ,2004-01-17,725.000,p,0.00,0.00,0.00,0.00,0,0,0.00,10,0.05,1107.80,1107.80,0,0.00,10,0.05,1108.49,1108.49,0.00,250,0
^SPX,2004-01-02,SPZ,2004-01-17,750.000,c,0.00,0.00,0.00,0.00,0,1,356.30,1,358.30,1107.80,1107.80,1,359.10,1,361.10,1108.49,1108.49,0.00,0,0
^SPX,2004-01-02,SPZ,2004-01-17,750.000,p,0.00,0.00,0.00,0.00,0,0,0.00,10,0.05,1107.80,1107.80,0,0.00,10,0.05,1108.49,1108.49,0.00,8275,0
^SPX,2004-01-02,SPZ,2004-01-17,775.000,c,0.00,0.00,0.00,0.00,0,1,331.60,1,333.60,1107.80,1107.80,1,333.80,1,335.80,1108.49,1108.49,0.00,10,0
^SPX,2004-01-02,SPZ,2004-01-17,775.000,p,0.00,0.00,0.00,0.00,0,0,0.00,10,0.05,1107.80,1107.80,0,0.00,10,0.05,1108.49,1108.49,0.00,700,0
^SPX,2004-01-02,SPX,2004-01-17,800.000,c,0.00,0.00,0.00,0.00,0,1,306.30,1,308.30,1107.80,1107.80,1,309.10,1,311.10,1108.49,1108.49,0.00,1,0
^SPX,2004-01-02,SPX,2004-01-17,800.000,p,0.00,0.00,0.00,0.00,0,0,0.00,1000,0.05,1107.80,1107.80,0,0.00,1000,0.05,1108.49,1108.49,0.00,16063,0
^SPX,2004-01-02,SPX,2004-01-17,825.000,c,0.00,0.00,0.00,0.00,0,1,281.30,1,283.30,1107.80,1107.80,1,284.10,1,286.10,1108.49,1108.49,0.00,101,0
^SPX,2004-01-02,SPX,2004-01-17,825.000,p,0.00,0.00,0.00,0.00,0,0,0.00,10,0.10,1107.80,1107.80,0,0.00,10,0.10,1108.49,1108.49,0.00,1872,0
^SPX,2004-01-02,SPX,2004-01-17,850.000,c,0.00,0.00,0.00,0.00,0,1,256.40,1,258.40,1107.80,1107.80,1,258.90,1,260.90,1108.49,1108.49,0.00,2,0
^SPX,2004-01-02,SPX,2004-01-17,850.000,p,0.10,0.10,0.10,0.10,50,10,0.05,10,0.15,1107.80,1107.80,10,0.05,10,0.15,1108.49,1108.49,0.10,3495,0
^SPX,2004-01-02,SPX,2004-01-17,875.000,c,0.00,0.00,0.00,0.00,0,1,231.40,1,233.40,1107.80,1107.80,1,234.10,1,236.10,1108.49,1108.49,0.00,11,0
^SPX,2004-01-02,SPX,2004-01-17,875.000,p,0.10,0.10,0.10,0.10,25,15,0.05,10,0.20,1107.80,1107.80,3,0.10,10,0.20,1108.49,1108.49,0.10,4528,0
^SPX,2004-01-02,SXB,2004-01-17,900.000,c,214.50,214.50,214.50,214.50,5,1,206.50,1,208.50,1107.80,1107.80,1,209.00,1,211.00,1108.49,1108.49,214.50,115,0
^SPX,2004-01-02,SXB,2004-01-17,900.000,p,0.10,0.15,0.10,0.15,1283,2,0.10,10,0.20,1107.80,1107.80,2,0.10,10,0.20,1108.49,1108.49,0.11,14507,0
^SPX,2004-01-02,SXB,2004-01-17,925.000,c,192.50,192.50,192.50,192.50,200,1,181.50,1,183.50,1107.80,1107.80,1,184.30,1,186.30,1108.49,1108.49,192.50,1070,0
^SPX,2004-01-02,SXB,2004-01-17,925.000,p,0.25,0.30,0.25,0.25,1066,300,0.15,50,0.50,1107.80,1107.80,300,0.15,50,0.50,1108.49,1108.49,0.26,10832,0
^SPX,2004-01-02,SXB,2004-01-17,935.000,c,0.00,0.00,0.00,0.00,0,1,171.60,1,173.60,1107.80,1107.80,1,174.30,1,176.30,1108.49,1108.49,0.00,22,0
^SPX,2004-01-02,SXB,2004-01-17,935.000,p,0.00,0.00,0.00,0.00,0,10,0.05,50,0.50,1107.80,1107.80,10,0.05,50,0.50,1108.49,1108.49,0.00,1274,0
^SPX,2004-01-02,SXB,2004-01-17,950.000,c,169.00,169.00,164.60,164.60,88,1,156.70,1,158.70,1107.80,1107.80,1,159.40,1,161.40,1108.49,1108.49,166.98,2425,0
^SPX,2004-01-02,SXB,2004-01-17,950.000,p,0.45,0.45,0.35,0.35,294,60,0.35,50,0.55,1107.80,1107.80,60,0.35,50,0.55,1108.49,1108.49,0.40,24608,0
^SPX,2004-01-02,SXB,2004-01-17,960.000,c,0.00,0.00,0.00,0.00,0,1,146.80,1,148.80,1107.80,1107.80,1,149.50,1,151.50,1108.49,1108.49,0.00,0,0
^SPX,2004-01-02,SXB,2004-01-17,960.000,p,0.00,0.00,0.00,0.00,0,50,0.15,50,0.65,1107.80,1107.80,50,0.15,50,0.65,1108.49,1108.49,0.00,21939,0
^SPX,2004-01-02,SXB,2004-01-17,975.000,c,0.00,0.00,0.00,0.00,0,1,132.10,1,134.10,1107.80,1107.80,1,134.70,1,136.70,1108.49,1108.49,0.00,224,0
^SPX,2004-01-02,SXB,2004-01-17,975.000,p,0.60,0.65,0.50,0.60,4219,57,0.55,56,0.80,1107.80,1107.80,57,0.55,10,0.65,1108.49,1108.49,0.58,40845,0
^SPX,2004-01-02,SXB,2004-01-17,980.000,c,0.00,0.00,0.00,0.00,0,1,127.10,1,129.10,1107.80,1107.80,1,129.80,1,131.80,1108.49,1108.49,0.00,0,0
^SPX,2004-01-02,SXB,2004-01-17,980.000,p,0.70,0.70,0.70,0.70,5,50,0.50,50,0.90,1107.80,1107.80,50,0.50,50,0.85,1108.49,1108.49,0.70,23663,0
^SPX,2004-01-02,SXB,2004-01-17,990.000,c,0.00,0.00,0.00,0.00,0,1,117.20,1,119.20,1107.80,1107.80,1,119.70,1,121.70,1108.49,1108.49,0.00,0,0
^SPX,2004-01-02,SXB,2004-01-17,990.000,p,0.00,0.00,0.00,0.00,0,50,0.55,1,1.00,1107.80,1107.80,50,0.50,51,1.00,1108.49,1108.49,0.00,3531,0
^SPX,2004-01-02,SXB,2004-01-17,995.000,c,0.00,0.00,0.00,0.00,0,1,112.20,1,114.20,1107.80,1107.80,1,114.60,1,116.60,1108.49,1108.49,0.00,1336,0
^SPX,2004-01-02,SXB,2004-01-17,995.000,p,0.85,1.00,0.60,0.80,3204,1,0.70,50,1.05,1107.80,1107.80,1,0.70,10,0.90,1108.49,1108.49,0.68,17166,0
^SPX,2004-01-02,SPQ,2004-01-17,1005.000,c,0.00,0.00,0.00,0.00,0,50,102.40,50,104.40,1107.80,1107.80,50,105.00,50,107.00,1108.49,1108.49,0.00,7433,0
^SPX,2004-01-02,SPQ,2004-01-17,1005.000,p,1.10,1.10,0.45,0.90,3945,4,0.90,10,1.10,1107.80,1107.80,10,0.90,10,1.10,1108.49,1108.49,0.89,15279,0
^SPX,2004-01-02,SPQ,2004-01-17,1015.000,c,0.00,0.00,0.00,0.00,0,50,92.60,50,94.60,1107.80,1107.80,50,95.20,50,97.20,1108.49,1108.49,0.00,0,0
^SPX,2004-01-02,SPQ,2004-01-17,1015.000,p,1.00,1.10,1.00,1.10,1350,10,1.00,50,1.45,1107.80,1107.80,10,1.00,50,1.30,1108.49,1108.49,1.07,0,0
^SPX,2004-01-02,SPQ,2004-01-17,1025.000,c,0.00,0.00,0.00,0.00,0,50,82.80,50,84.80,1107.80,1107.80,50,85.40,50,87.40,1108.49,1108.49,0.00,14329,0
^SPX,2004-01-02,SPQ,2004-01-17,1025.000,p,1.50,1.65,1.05,1.65,6723,50,1.15,60,1.65,1107.80,1107.80,10,1.15,50,1.50,1108.49,1108.49,1.26,38770,0
^SPX,2004-01-02,SPQ,2004-01-17,1035.000,c,0.00,0.00,0.00,0.00,0,50,73.20,50,75.20,1107.80,1107.80,50,75.70,50,77.70,1108.49,1108.49,0.00,280,0
^SPX,2004-01-02,SPQ,2004-01-17,1035.000,p,1.65,2.00,1.25,1.50,2275,1,1.50,1,2.00,1107.80,1107.80,1,1.30,1,1.80,1108.49,1108.49,1.53,8332,0
^SPX,2004-01-02,SPQ,2004-01-17,1040.000,c,76.50,76.50,76.50,76.50,1,50,68.40,50,70.40,1107.80,1107.80,50,70.90,50,72.90,1108.49,1108.49,76.50,154,0
^SPX,2004-01-02,SPQ,2004-01-17,1040.000,p,1.90,2.00,1.60,1.95,62,1,1.70,1,2.20,1107.80,1107.80,1,1.50,1,2.00,1108.49,1108.49,1.77,4517,0
^SPX,2004-01-02,SPQ,2004-01-17,1045.000,c,73.00,73.00,73.00,73.00,20,50,63.60,50,65.60,1107.80,1107.80,50,66.10,50,68.10,1108.49,1108.49,73.00,186,0
^SPX,2004-01-02,SPQ,2004-01-17,1045.000,p,2.00,2.10,1.70,2.10,1828,1,1.90,1,2.40,1107.80,1107.80,1,1.70,1,2.20,1108.49,1108.49,2.00,11672,0
^SPX,2004-01-02,SPQ,2004-01-17,1050.000,c,69.40,70.40,65.00,65.00,483,50,58.90,50,60.90,1107.80,1107.80,50,61.40,50,63.40,1108.49,1108.49,66.81,22975,0
^SPX,2004-01-02,SPQ,2004-01-17,1050.000,p,2.20,2.90,1.75,2.60,10029,1,2.05,5,2.50,1107.80,1107.80,1,2.00,1,2.40,1108.49,1108.49,2.12,41382,0
^SPX,2004-01-02,SPQ,2004-01-17,1055.000,c,61.80,63.70,61.80,63.70,29,50,54.20,50,56.20,1107.80,1107.80,50,56.70,50,58.70,1108.49,1108.49,63.50,332,0
^SPX,2004-01-02,SPQ,2004-01-17,1055.000,p,2.50,3.00,2.00,2.90,236,1,2.30,10,3.00,1107.80,1107.80,1,2.05,1,2.85,1108.49,1108.49,2.90,3436,0
^SPX,2004-01-02,SPQ,2004-01-17,1060.000,c,57.90,60.00,57.90,59.00,24,50,49.80,50,51.80,1107.80,1107.80,50,52.00,50,54.00,1108.49,1108.49,58.90,3695,0
^SPX,2004-01-02,SPQ,2004-01-17,1060.000,p,2.60,3.20,2.30,3.00,184,1,3.00,3,3.20,1107.80,1107.80,1,2.40,1,3.20,1108.49,1108.49,2.68,30751,0
^SPX,2004-01-02,SPQ,2004-01-17,1065.000,c,53.10,55.50,51.40,51.40,120,50,45.30,50,47.30,1107.80,1107.80,50,47.40,50,49.40,1108.49,1108.49,53.78,8646,0
^SPX,2004-01-02,SPQ,2004-01-17,1065.000,p,2.90,4.00,2.60,3.40,93,1,3.20,4,4.00,1107.80,1107.80,1,2.80,10,3.30,1108.49,1108.49,3.08,10298,0
^SPX,2004-01-02,SPQ,2004-01-17,1070.000,c,51.00,51.00,48.00,48.00,5,50,40.70,50,42.70,1107.80,1107.80,50,42.90,50,44.90,1108.49,1108.49,49.66,760,0
^SPX,2004-01-02,SPQ,2004-01-17,1070.000,p,3.30,4.70,2.85,4.00,1384,1,3.70,10,4.20,1107.80,1107.80,1,3.30,10,4.00,1108.49,1108.49,4.31,4111,0
^SPX,2004-01-02,SPQ,2004-01-17,1075.000,c,45.60,47.10,36.50,36.50,96,50,36.20,50,38.20,1107.80,1107.80,50,38.50,50,40.50,1108.49,1108.49,44.23,38182,0
^SPX,2004-01-02,SPQ,2004-01-17,1075.000,p,4.00,5.50,3.20,4.50,5106,10,4.70,45,5.00,1107.80,1107.80,1,3.90,10,4.50,1108.49,1108.49,3.93,51490,0
^SPX,2004-01-02,SPQ,2004-01-17,1080.000,c,42.00,42.00,38.90,39.00,41,50,32.00,50,34.00,1107.80,1107.80,50,34.10,50,36.10,1108.49,1108.49,39.73,4174,0
^SPX,2004-01-02,SPQ,2004-01-17,1080.000,p,4.20,6.30,3.80,5.90,3011,1,5.10,1,5.80,1107.80,1107.80,1,4.50,11,5.20,1108.49,1108.49,4.30,10898,0
^SPX,2004-01-02,SPQ,2004-01-17,1085.000,c,0.00,0.00,0.00,0.00,0,50,28.10,50,30.10,1107.80,1107.80,50,30.10,50,32.10,1108.49,1108.49,0.00,35,0
^SPX,2004-01-02,SPQ,2004-01-17,1085.000,p,6.00,7.00,4.40,6.20,589,1,5.90,1,6.90,1107.80,1107.80,10,6.00,1,6.40,1108.49,1108.49,5.62,2745,0
^SPX,2004-01-02,SPQ,2004-01-17,1090.000,c,32.10,33.00,29.20,29.20,28,50,24.20,50,26.20,1107.80,1107.80,50,26.10,50,28.10,1108.49,1108.49,30.40,5198,0
^SPX,2004-01-02,SPQ,2004-01-17,1090.000,p,6.20,8.60,5.00,7.60,3994,10,7.20,14,8.00,1107.80,1107.80,10,7.00,10,7.20,1108.49,1108.49,6.58,6701,0
^SPX,2004-01-02,SPQ,2004-01-17,1095.000,c,28.50,28.90,27.00,28.90,5,50,20.50,50,22.50,1107.80,1107.80,50,22.40,50,24.40,1108.49,1108.49,28.34,1231,0
^SPX,2004-01-02,SPQ,2004-01-17,1095.000,p,7.00,10.00,5.80,8.70,235,1,8.40,1,9.20,1107.80,1107.80,1,7.70,1,8.70,1108.49,1108.49,7.77,6902,0
^SPX,2004-01-02,SPT,2004-01-17,1100.000,c,24.00,26.00,16.90,18.50,1363,50,17.30,50,18.90,1107.80,1107.80,2,19.10,5,19.80,1108.49,1108.49,24.14,24453,0
^SPX,2004-01-02,SPT,2004-01-17,1100.000,p,9.50,12.00,6.70,10.10,4341,1,10.10,15,11.20,1107.80,1107.80,10,9.60,1,10.20,1108.49,1108.49,8.63,16773,0
^SPX,2004-01-02,SPT,2004-01-17,1110.000,c,16.80,18.70,11.60,13.50,861,5,12.10,50,13.20,1107.80,1107.80,3,13.10,5,14.00,1108.49,1108.49,15.24,7994,0
^SPX,2004-01-02,SPT,2004-01-17,1110.000,p,11.50,15.20,9.90,14.80,353,1,14.10,3,14.90,1107.80,1107.80,1,12.90,1,14.50,1108.49,1108.49,11.25,1507,0
^SPX,2004-01-02,SPT,2004-01-17,1115.000,c,14.00,15.80,8.30,10.50,1125,6,9.70,70,10.40,1107.80,1107.80,50,10.30,11,10.80,1108.49,1108.49,13.30,1427,0
^SPX,2004-01-02,SPT,2004-01-17,1115.000,p,12.60,18.70,12.00,16.00,498,1,16.60,1,18.20,1107.80,1107.80,1,15.20,10,16.00,1108.49,1108.49,14.38,167,0
^SPX,2004-01-02,SPT,2004-01-17,1120.000,c,12.10,13.00,6.50,7.20,922,10,7.40,50,8.30,1107.80,1107.80,50,8.30,50,9.30,1108.49,1108.49,10.42,4816,0
^SPX,2004-01-02,SPT,2004-01-17,1120.000,p,16.10,22.00,13.70,20.00,376,1,19.50,1,21.10,1107.80,1107.80,10,18.50,1,19.40,1108.49,1108.49,15.56,1132,0
^SPX,2004-01-02,SPT,2004-01-17,1125.000,c,8.50,10.50,5.50,6.40,3836,13,6.00,50,6.50,1107.80,1107.80,10,6.30,7,6.40,1108.49,1108.49,9.17,25216,0
^SPX,2004-01-02,SPT,2004-01-17,1125.000,p,16.90,24.00,15.90,24.00,1076,1,22.50,1,24.50,1107.80,1107.80,1,20.80,1,22.80,1108.49,1108.49,17.35,1267,0
^SPX,2004-01-02,SPT,2004-01-17,1130.000,c,6.90,8.10,3.70,4.50,804,50,4.30,50,5.10,1107.80,1107.80,50,4.80,50,5.60,1108.49,1108.49,5.72,1696,0
^SPX,2004-01-02,SPT,2004-01-17,1130.000,p,0.00,0.00,0.00,0.00,0,1,26.00,1,28.00,1107.80,1107.80,1,24.30,1,26.30,1108.49,1108.49,0.00,191,0
^SPX,2004-01-02,SPT,2004-01-17,1135.000,c,5.60,6.10,3.40,3.80,1511,50,3.20,50,4.00,1107.80,1107.80,6,3.60,50,4.30,1108.49,1108.49,5.22,861,0
^SPX,2004-01-02,SPT,2004-01-17,1135.000,p,27.00,27.00,27.00,27.00,3,1,30.10,1,32.10,1107.80,1107.80,1,27.90,1,29.90,1108.49,1108.49,27.00,1,0
^SPX,2004-01-02,SPT,2004-01-17,1140.000,c,3.50,4.60,2.10,2.80,1924,50,2.30,5,3.00,1107.80,1107.80,3,2.80,5,3.00,1108.49,1108.49,4.21,2308,0
^SPX,2004-01-02,SPT,2004-01-17,1140.000,p,26.90,30.40,26.90,30.40,3,1,34.20,1,36.20,1107.80,1107.80,1,32.00,1,34.00,1108.49,1108.49,28.87,0,0
^SPX,2004-01-02,SPT,2004-01-17,1150.000,c,1.90,2.80,1.25,1.50,1932,4,1.25,10,1.50,1107.80,1107.80,50,1.40,10,1.70,1108.49,1108.49,2.25,18722,0
^SPX,2004-01-02,SPT,2004-01-17,1150.000,p,36.00,44.50,34.00,44.50,164,1,42.70,5,44.50,1107.80,1107.80,1,40.60,1,42.60,1108.49,1108.49,36.91,678,0
^SPX,2004-01-02,SPT,2004-01-17,1155.000,c,1.60,2.10,1.00,1.00,572,50,0.80,50,1.30,1107.80,1107.80,50,0.90,50,1.40,1108.49,1108.49,1.48,840,0
^SPX,2004-01-02,SPT,2004-01-17,1155.000,p,0.00,0.00,0.00,0.00,0,1,47.30,1,49.30,1107.80,1107.80,1,45.20,1,47.20,1108.49,1108.49,0.00,0,0
^SPX,2004-01-02,SPT,2004-01-17,1160.000,c,1.30,1.60,1.10,1.10,958,51,0.45,50,0.95,1107.80,1107.80,50,0.60,50,1.10,1108.49,1108.49,1.45,825,0
^SPX,2004-01-02,SPT,2004-01-17,1160.000,p,0.00,0.00,0.00,0.00,0,1,52.00,1,54.00,1107.80,1107.80,1,49.80,1,51.80,1108.49,1108.49,0.00,20,0
^SPX,2004-01-02,SPT,2004-01-17,1165.000,c,1.00,1.00,1.00,1.00,100,50,0.25,50,0.75,1107.80,1107.80,50,0.35,50,0.85,1108.49,1108.49,1.00,340,0
^SPX,2004-01-02,SPT,2004-01-17,1165.000,p,0.00,0.00,0.00,0.00,0,1,56.70,1,58.70,1107.80,1107.80,1,54.60,1,56.60,1108.49,1108.49,0.00,0,0
^SPX,2004-01-02,SPT,2004-01-17,1175.000,c,0.70,0.75,0.40,0.60,1154,2,0.40,50,0.60,1107.80,1107.80,10,0.45,50,0.70,1108.49,1108.49,0.60,8534,0
^SPX,2004-01-02,SPT,2004-01-17,1175.000,p,0.00,0.00,0.00,0.00,0,1,66.60,1,68.60,1107.80,1107.80,1,64.40,1,66.40,1108.49,1108.49,0.00,6,0
^SPX,2004-01-02,SZP,2004-01-17,1200.000,c,0.30,0.30,0.15,0.25,61,11,0.05,2,0.40,1107.80,1107.80,11,0.05,1,0.35,1108.49,1108.49,0.22,1524,0
^SPX,2004-01-02,SZP,2004-01-17,1200.000,p,0.00,0.00,0.00,0.00,0,1,91.30,1,93.30,1107.80,1107.80,1,89.10,1,91.10,1108.49,1108.49,0.00,309,0
^SPX,2004-01-02,SZP,2004-01-17,1250.000,c,0.05,0.05,0.05,0.05,132,0,0.00,10,0.05,1107.80,1107.80,0,0.00,10,0.05,1108.49,1108.49,0.05,2325,0
^SPX,2004-01-02,SZP,2004-01-17,1250.000,p,0.00,0.00,0.00,0.00,0,1,141.50,1,143.50,1107.80,1107.80,1,138.70,1,140.70,1108.49,1108.49,0.00,221,0
^SPX,2004-01-02,SYG,2004-02-21,600.000,c,0.00,0.00,0.00,0.00,0,1,505.20,1,507.20,1107.80,1107.80,1,507.70,1,509.70,1108.49,1108.49,0.00,0,0
^SPX,2004-01-02,SYG,2004-02-21,600.000,p,0.00,0.00,0.00,0.00,0,0,0.00,50,0.50,1107.80,1107.80,0,0.00,50,0.50,1108.49,1108.49,0.00,40,0
^SPX,2004-01-02,SYG,2004-02-21,625.000,c,0.00,0.00,0.00,0.00,0,1,480.20,1,482.20,1107.80,1107.80,1,482.70,1,484.70,1108.49,1108.49,0.00,0,0
^SPX,2004-01-02,SYG,2004-02-21,625.000,p,0.00,0.00,0.00,0.00,0,0,0.00,50,0.50,1107.80,1107.80,0,0.00,50,0.50,1108.49,1108.49,0.00,0,0
^SPX,2004-01-02,SYG,2004-02-21,650.000,c,0.00,0.00,0.00,0.00,0,1,455.30,1,457.30,1107.80,1107.80,1,457.80,1,459.80,1108.49,1108.49,0.00,0,0
^SPX,2004-01-02,SYG,2004-02-21,650.000,p,0.00,0.00,0.00,0.00,0,0,0.00,50,0.50,1107.80,1107.80,0,0.00,50,0.50,1108.49,1108.49,0.00,0,0
^SPX,2004-01-02,SYG,2004-02-21,675.000,c,0.00,0.00,0.00,0.00,0,1,430.30,1,432.30,1107.80,1107.80,1,432.80,1,434.80,1108.49,1108.49,0.00,0,0
^SPX,2004-01-02,SYG,2004-02-21,675.000,p,0.00,0.00,0.00,0.00,0,300,0.05,50,0.50,1107.80,1107.80,300,0.05,50,0.50,1108.49,1108.49,0.00,0,0
^SPX,2004-01-02,SPZ,2004-02-21,700.000,c,0.00,0.00,0.00,0.00,0,1,405.40,1,407.40,1107.80,1107.80,1,407.90,1,409.90,1108.49,1108.49,0.00,0,0
^SPX,2004-01-02,SPZ,2004-02-21,700.000,p,0.00,0.00,0.00,0.00,0,30,0.05,50,0.50,1107.80,1107.80,30,0.05,50,0.50,1108.49,1108.49,0.00,0,0
^SPX,2004-01-02,SPZ,2004-02-21,725.000,c,0.00,0.00,0.00,0.00,0,1,380.20,1,382.20,1107.80,1107.80,1,382.90,1,384.90,1108.49,1108.49,0.00,0,0
^SPX,2004-01-02,SPZ,2004-02-21,725.000,p,0.00,0.00,0.00,0.00,0,0,0.00,50,0.50,1107.80,1107.80,0,0.00,50,0.50,1108.49,1108.49,0.00,0,0
^SPX,2004-01-02,SPZ,2004-02-21,750.000,c,0.00,0.00,0.00,0.00,0,1,355.50,1,357.50,1107.80,1107.80,1,358.00,1,360.00,1108.49,1108.49,0.00,0,0
^SPX,2004-01-02,SPZ,2004-02-21,750.000,p,0.00,0.00,0.00,0.00,0,500,0.05,50,0.50,1107.80,1107.80,500,0.05,50,0.50,1108.49,1108.49,0.00,78,0
^SPX,2004-01-02,SPZ,2004-02-21,775.000,c,0.00,0.00,0.00,0.00,0,1,330.40,1,332.40,1107.80,1107.80,1,333.10,1,335.10,1108.49,1108.49,0.00,10,0
^SPX,2004-01-02,SPZ,2004-02-21,775.000,p,0.00,0.00,0.00,0.00,0,0,0.00,50,0.50,1107.80,1107.80,0,0.00,50,0.50,1108.49,1108.49,0.00,0,0
^SPX,2004-01-02,SPX,2004-02-21,800.000,c,0.00,0.00,0.00,0.00,0,1,305.60,1,307.60,1107.80,1107.80,1,308.10,1,310.10,1108.49,1108.49,0.00,0,0
^SPX,2004-01-02,SPX,2004-02-21,800.000,p,0.40,0.40,0.40,0.40,100,40,0.25,50,0.55,1107.80,1107.80,40,0.25,50,0.55,1108.49,1108.49,0.40,2460,0
^SPX,2004-01-02,SPX,2004-02-21,825.000,c,0.00,0.00,0.00,0.00,0,1,280.70,1,282.70,1107.80,1107.80,1,283.50,1,285.50,1108.49,1108.49,0.00,0,0
^SPX,2004-01-02,SPX,2004-02-21,825.000,p,0.00,0.00,0.00,0.00,0,50,0.15,50,0.65,1107.80,1107.80,50,0.15,50,0.65,1108.49,1108.49,0.00,1191,0
^SPX,2004-01-02,SPX,2004-02-21,850.000,c,0.00,0.00,0.00,0.00,0,1,255.90,1,257.90,1107.80,1107.80,1,258.60,1,260.60,1108.49,1108.49,0.00,0,0
^SPX,2004-01-02,SPX,2004-02-21,850.000,p,0.65,0.65,0.65,0.65,40,50,0.35,50,0.85,1107.80,1107.80,51,0.30,50,0.80,1108.49,1108.49,0.65,1143,0
^SPX,2004-01-02,SPX,2004-02-21,875.000,c,0.00,0.00,0.00,0.00,0,1,231.30,1,233.30,1107.80,1107.80,1,234.00,1,236.00,1108.49,1108.49,0.00,11,0
^SPX,2004-01-02,SPX,2004-02-21,875.000,p,0.00,0.00,0.00,0.00,0,50,0.65,50,1.15,1107.80,1107.80,50,0.60,50,1.10,1108.49,1108.49,0.00,600,0
^SPX,2004-01-02,SXB,2004-02-21,900.000,c,0.00,0.00,0.00,0.00,0,1,206.60,1,208.60,1107.80,1107.80,1,209.30,1,211.30,1108.49,1108.49,0.00,3005,0
^SPX,2004-01-02,SXB,2004-02-21,900.000,p,1.35,1.45,1.20,1.45,226,20,1.10,50,1.45,1107.80,1107.80,20,1.10,50,1.40,1108.49,1108.49,1.31,8664,0
^SPX,2004-01-02,SXB,2004-02-21,925.000,c,0.00,0.00,0.00,0.00,0,1,182.30,1,184.30,1107.80,1107.80,1,184.80,1,186.80,1108.49,1108.49,0.00,25,0
^SPX,2004-01-02,SXB,2004-02-21,925.000,p,1.60,1.60,1.60,1.60,11,50,1.40,50,1.90,1107.80,1107.80,50,1.30,50,1.80,1108.49,1108.49,1.60,1480,0
^SPX,2004-01-02,SXB,2004-02-21,935.000,c,0.00,0.00,0.00,0.00,0,1,172.30,1,174.30,1107.80,1107.80,1,175.00,1,177.00,1108.49,1108.49,0.00,27,0
^SPX,2004-01-02,SXB,2004-02-21,935.000,p,2.20,2.20,2.20,2.20,100,50,1.60,50,2.10,1107.80,1107.80,50,1.50,50,2.00,1108.49,1108.49,2.20,23,0
^SPX,2004-01-02,SXB,2004-02-21,950.000,c,0.00,0.00,0.00,0.00,0,1,158.20,1,160.20,1107.80,1107.80,1,160.60,1,162.60,1108.49,1108.49,0.00,57,0
^SPX,2004-01-02,SXB,2004-02-21,950.000,p,2.00,2.20,2.00,2.20,31,50,2.10,50,2.90,1107.80,1107.80,50,2.00,50,2.80,1108.49,1108.49,2.04,9405,0
^SPX,2004-01-02,SXB,2004-02-21,975.000,c,0.00,0.00,0.00,0.00,0,1,133.80,1,135.80,1107.80,1107.80,1,136.30,1,138.30,1108.49,1108.49,0.00,21,0
^SPX,2004-01-02,SXB,2004-02-21,975.000,p,3.00,3.40,3.00,3.40,178,50,2.80,50,3.60,1107.80,1107.80,50,2.60,50,3.40,1108.49,1108.49,3.06,13665,0
^SPX,2004-01-02,SXB,2004-02-21,995.000,c,0.00,0.00,0.00,0.00,0,1,115.00,1,117.00,1107.80,1107.80,1,117.30,1,119.30,1108.49,1108.49,0.00,70,0
^SPX,2004-01-02,SXB,2004-02-21,995.000,p,3.90,4.40,3.50,4.40,3172,10,4.00,50,4.60,1107.80,1107.80,2,3.70,50,4.40,1108.49,1108.49,3.90,6366,0
^SPX,2004-01-02,SPQ,2004-02-21,1005.000,c,0.00,0.00,0.00,0.00,0,50,105.70,50,107.70,1107.80,1107.80,50,107.90,50,109.90,1108.49,1108.49,0.00,44,0
^SPX,2004-01-02,SPQ,2004-02-21,1005.000,p,4.10,4.30,4.10,4.30,21,50,4.50,50,5.30,1107.80,1107.80,50,4.20,50,5.00,1108.49,1108.49,4.29,5683,0
^SPX,2004-01-02,SPQ,2004-02-21,1010.000,c,0.00,0.00,0.00,0.00,0,50,101.00,50,103.00,1107.80,1107.80,50,103.20,50,105.20,1108.49,1108.49,0.00,10,0
^SPX,2004-01-02,SPQ,2004-02-21,1010.000,p,5.00,5.00,5.00,5.00,5,50,4.80,50,5.60,1107.80,1107.80,50,4.50,50,5.30,1108.49,1108.49,5.00,0,0
^SPX,2004-01-02,SPQ,2004-02-21,1020.000,c,0.00,0.00,0.00,0.00,0,50,91.90,50,93.90,1107.80,1107.80,50,94.10,50,96.10,1108.49,1108.49,0.00,12,0
^SPX,2004-01-02,SPQ,2004-02-21,1020.000,p,0.00,0.00,0.00,0.00,0,50,5.50,50,6.50,1107.80,1107.80,50,5.20,50,6.20,1108.49,1108.49,0.00,191,0
^SPX,2004-01-02,SPQ,2004-02-21,1025.000,c,90.00,90.00,90.00,90.00,1,50,87.40,50,89.40,1107.80,1107.80,50,89.50,50,91.50,1108.49,1108.49,90.00,2461,0
^SPX,2004-01-02,SPQ,2004-02-21,1025.000,p,6.10,6.80,5.20,6.80,1616,10,6.50,50,7.00,1107.80,1107.80,50,5.70,50,6.70,1108.49,1108.49,5.83,10947,0
^SPX,2004-01-02,SPQ,2004-02-21,1050.000,c,72.60,75.00,67.00,67.00,341,50,65.40,50,67.40,1107.80,1107.80,50,67.40,50,69.40,1108.49,1108.49,67.18,8001,0
^SPX,2004-01-02,SPQ,2004-02-21,1050.000,p,8.30,10.30,7.60,8.50,3630,1,9.00,1,10.00,1107.80,1107.80,1,8.60,1,9.60,1108.49,1108.49,8.46,16181,0
^SPX,2004-01-02,SPQ,2004-02-21,1075.000,c,51.00,51.10,44.00,44.00,37,50,45.40,50,47.40,1107.80,1107.80,50,47.10,50,49.10,1108.49,1108.49,49.50,8244,0
^SPX,2004-01-02,SPQ,2004-02-21,1075.000,p,12.50,16.10,11.40,14.20,1572,1,13.60,1,15.20,1107.80,1107.80,1,12.90,1,14.50,1108.49,1108.49,12.79,15851,0
^SPX,2004-01-02,SPQ,2004-02-21,1085.000,c,45.00,45.00,45.00,45.00,2,50,37.90,50,39.90,1107.80,1107.80,50,39.50,50,41.50,1108.49,1108.49,45.00,3,0
^SPX,2004-01-02,SPQ,2004-02-21,1085.000,p,0.00,0.00,0.00,0.00,0,1,16.10,1,17.70,1107.80,1107.80,1,15.30,1,16.90,1108.49,1108.49,0.00,46,0
^SPX,2004-01-02,SPQ,2004-02-21,1090.000,c,0.00,0.00,0.00,0.00,0,50,34.60,50,36.60,1107.80,1107.80,50,36.10,50,38.10,1108.49,1108.49,0.00,206,0
^SPX,2004-01-02,SPQ,2004-02-21,1090.000,p,13.70,20.30,13.70,18.50,10,1,17.80,1,19.40,1107.80,1107.80,1,16.90,1,18.50,1108.49,1108.49,18.42,383,0
^SPX,2004-01-02,SPT,2004-02-21,1100.000,c,34.50,35.70,28.50,30.20,2694,50,28.00,50,30.00,1107.80,1107.80,50,29.30,50,31.30,1108.49,1108.49,32.51,12050,0
^SPX,2004-01-02,SPT,2004-02-21,1100.000,p,20.80,24.50,17.70,21.80,2865,10,21.80,2,23.00,1107.80,1107.80,1,20.10,1,22.10,1108.49,1108.49,19.35,3258,0
^SPX,2004-01-02,SPT,2004-02-21,1115.000,c,25.10,26.50,20.50,21.30,111,50,20.00,9,21.20,1107.80,1107.80,50,20.80,1,22.30,1108.49,1108.49,24.81,616,0
^SPX,2004-01-02,SPT,2004-02-21,1115.000,p,24.30,28.00,23.50,28.00,38,1,27.80,1,29.80,1107.80,1107.80,1,26.60,1,28.60,1108.49,1108.49,24.42,91,0
^SPX,2004-01-02,SPT,2004-02-21,1125.000,c,19.20,21.00,15.30,15.30,1188,50,15.60,50,17.20,1107.80,1107.80,50,16.50,10,17.50,1108.49,1108.49,20.84,4338,0
^SPX,2004-01-02,SPT,2004-02-21,1125.000,p,29.50,36.00,28.20,33.90,434,1,33.40,1,34.50,1107.80,1107.80,1,32.00,1,34.00,1108.49,1108.49,29.80,248,0
^SPX,2004-01-02,SPT,2004-02-21,1140.000,c,14.30,14.70,10.00,10.00,242,50,10.10,50,11.70,1107.80,1107.80,50,10.60,50,12.20,1108.49,1108.49,13.31,14,0
^SPX,2004-01-02,SPT,2004-02-21,1140.000,p,0.00,0.00,0.00,0.00,0,1,42.70,1,44.70,1107.80,1107.80,1,41.20,1,43.20,1108.49,1108.49,0.00,0,0
^SPX,2004-01-02,SPT,2004-02-21,1150.000,c,10.10,10.80,7.20,8.00,2491,50,7.30,50,8.30,1107.80,1107.80,50,7.90,50,8.90,1108.49,1108.49,9.58,9996,0
^SPX,2004-01-02,SPT,2004-02-21,1150.000,p,47.10,51.00,44.00,51.00,17,1,49.80,1,51.80,1107.80,1107.80,1,48.10,1,50.10,1108.49,1108.49,49.09,169,0
^SPX,2004-01-02,SPT,2004-02-21,1175.000,c,4.20,4.70,3.30,3.40,631,50,3.00,50,3.80,1107.80,1107.80,50,3.30,50,4.10,1108.49,1108.49,3.52,1226,0
^SPX,2004-01-02,SPT,2004-02-21,1175.000,p,63.00,63.00,63.00,63.00,5,1,70.30,1,72.30,1107.80,1107.80,1,68.30,1,70.30,1108.49,1108.49,63.00,27,0
^SPX,2004-01-02,SZP,2004-02-21,1200.000,c,2.20,2.20,1.40,1.40,623,100,1.25,50,1.55,1107.80,1107.80,100,1.25,5,1.55,1108.49,1108.49,2.18,1997,0
^SPX,2004-01-02,SZP,2004-02-21,1200.000,p,87.00,87.00,84.00,85.80,47,1,93.10,1,95.10,1107.80,1107.80,1,90.80,1,92.80,1108.49,1108.49,86.33,212,0
^SPX,2004-01-02,SZP,2004-02-21,1225.000,c,0.00,0.00,0.00,0.00,0,50,0.20,51,0.70,1107.80,1107.80,50,0.25,1,0.70,1108.49,1108.49,0.00,0,0
^SPX,2004-01-02,SZP,2004-02-21,1225.000,p,0.00,0.00,0.00,0.00,0,1,117.30,1,119.30,1107.80,1107.80,1,114.80,1,116.80,1108.49,1108.49,0.00,0,0
^SPX,2004-01-02,SZP,2004-02-21,1250.000,c,0.30,0.40,0.30,0.30,315,11,0.05,50,0.50,1107.80,1107.80,11,0.05,50,0.50,1108.49,1108.49,0.32,0,0
^SPX,2004-01-02,SZP,2004-02-21,1250.000,p,0.00,0.00,0.00,0.00,0,1,141.90,1,143.90,1107.80,1107.80,1,139.40,1,141.40,1108.49,1108.49,0.00,10,0
^SPX,2004-01-02,SYF,2004-03-20,500.000,c,615.20,615.20,615.20,615.20,100,1,603.70,1,605.70,1107.80,1107.80,1,606.40,1,608.40,1108.49,1108.49,615.20,15598,0
^SPX,2004-01-02,SYF,2004-03-20,500.000,p,0.00,0.00,0.00,0.00,0,0,0.00,10,0.10,1107.80,1107.80,0,0.00,10,0.10,1108.49,1108.49,0.00,13598,0
^SPX,2004-01-02,SYG,2004-03-20,600.000,c,0.00,0.00,0.00,0.00,0,1,504.20,1,506.20,1107.80,1107.80,1,506.70,1,508.70,1108.49,1108.49,0.00,582,0
^SPX,2004-01-02,SYG,2004-03-20,600.000,p,0.00,0.00,0.00,0.00,0,40,0.05,10,0.15,1107.80,1107.80,40,0.05,10,0.15,1108.49,1108.49,0.00,4539,0
^SPX,2004-01-02,SYG,2004-03-20,625.000,c,0.00,0.00,0.00,0.00,0,1,479.30,1,481.30,1107.80,1107.80,1,481.80,1,483.80,1108.49,1108.49,0.00,0,0
^SPX,2004-01-02,SYG,2004-03-20,625.000,p,0.00,0.00,0.00,0.00,0,0,0.00,10,0.20,1107.80,1107.80,0,0.00,10,0.20,1108.49,1108.49,0.00,2477,0
^SPX,2004-01-02,SYG,2004-03-20,650.000,c,0.00,0.00,0.00,0.00,0,1,454.40,1,456.40,1107.80,1107.80,1,456.80,1,458.80,1108.49,1108.49,0.00,1,0
^SPX,2004-01-02,SYG,2004-03-20,650.000,p,0.20,0.20,0.20,0.20,86,10,0.15,10,0.25,1107.80,1107.80,10,0.15,10,0.25,1108.49,1108.49,0.20,368,0
^SPX,2004-01-02,SYG,2004-03-20,675.000,c,0.00,0.00,0.00,0.00,0,1,429.50,1,431.50,1107.80,1107.80,1,431.90,1,433.90,1108.49,1108.49,0.00,0,0
^SPX,2004-01-02,SYG,2004-03-20,675.000,p,0.00,0.00,0.00,0.00,0,0,0.00,10,0.35,1107.80,1107.80,0,0.00,10,0.35,1108.49,1108.49,0.00,2781,0
^SPX,2004-01-02,SPZ,2004-03-20,700.000,c,0.00,0.00,0.00,0.00,0,1,404.60,1,406.60,1107.80,1107.80,1,407.10,1,409.10,1108.49,1108.49,0.00,0,0
^SPX,2004-01-02,SPZ,2004-03-20,700.000,p,0.40,0.40,0.20,0.20,26,0,0.00,10,0.40,1107.80,1107.80,0,0.00,10,0.40,1108.49,1108.49,0.35,22422,0
^SPX,2004-01-02,SPZ,2004-03-20,725.000,c,0.00,0.00,0.00,0.00,0,1,379.80,1,381.80,1107.80,1107.80,1,382.00,1,384.00,1108.49,1108.49,0.00,750,0
^SPX,2004-01-02,SPZ,2004-03-20,725.000,p,0.00,0.00,0.00,0.00,0,0,0.00,50,0.50,1107.80,1107.80,0,0.00,50,0.50,1108.49,1108.49,0.00,2686,0
^SPX,2004-01-02,SPZ,2004-03-20,750.000,c,0.00,0.00,0.00,0.00,0,1,355.00,1,357.00,1107.80,1107.80,1,357.50,1,359.50,1108.49,1108.49,0.00,1,0
^SPX,2004-01-02,SPZ,2004-03-20,750.000,p,0.50,0.50,0.40,0.40,27,50,0.20,10,0.60,1107.80,1107.80,50,0.20,10,0.60,1108.49,1108.49,0.49,14911,0
^SPX,2004-01-02,SPZ,2004-03-20,775.000,c,0.00,0.00,0.00,0.00,0,1,330.30,1,332.30,1107.80,1107.80,1,332.70,1,334.70,1108.49,1108.49,0.00,5,0
^SPX,2004-01-02,SPZ,2004-03-20,775.000,p,0.75,0.75,0.75,0.75,200,50,0.35,10,0.75,1107.80,1107.80,50,0.35,10,0.75,1108.49,1108.49,0.75,4832,0
^SPX,2004-01-02,SPX,2004-03-20,800.000,c,0.00,0.00,0.00,0.00,0,1,305.30,1,307.30,1107.80,1107.80,1,308.00,1,310.00,1108.49,1108.49,0.00,427,0
^SPX,2004-01-02,SPX,2004-03-20,800.000,p,0.00,0.00,0.00,0.00,0,4,0.70,10,1.00,1107.80,1107.80,4,0.70,10,1.00,1108.49,1108.49,0.00,18815,0
^SPX,2004-01-02,SPX,2004-03-20,825.000,c,0.00,0.00,0.00,0.00,0,1,280.90,1,282.90,1107.80,1107.80,1,283.10,1,285.10,1108.49,1108.49,0.00,10,0
^SPX,2004-01-02,SPX,2004-03-20,825.000,p,0.00,0.00,0.00,0.00,0,50,0.85,50,1.35,1107.80,1107.80,50,0.80,50,1.30,1108.49,1108.49,0.00,13507,0
^SPX,2004-01-02,SPX,2004-03-20,850.000,c,0.00,0.00,0.00,0.00,0,1,256.30,1,258.30,1107.80,1107.80,1,258.80,1,260.80,1108.49,1108.49,0.00,270,0
^SPX,2004-01-02,SPX,2004-03-20,850.000,p,0.00,0.00,0.00,0.00,0,20,1.25,50,1.70,1107.80,1107.80,20,1.25,50,1.65,1108.49,1108.49,0.00,32566,0
^SPX,2004-01-02,SPX,2004-03-20,875.000,c,0.00,0.00,0.00,0.00,0,1,231.80,1,233.80,1107.80,1107.80,1,234.30,1,236.30,1108.49,1108.49,0.00,2983,0
^SPX,2004-01-02,SPX,2004-03-20,875.000,p,2.00,2.00,2.00,2.00,185,50,1.70,50,2.20,1107.80,1107.80,50,1.60,50,2.10,1108.49,1108.49,2.00,12709,0
^SPX,2004-01-02,SXB,2004-03-20,900.000,c,0.00,0.00,0.00,0.00,0,1,207.60,1,209.60,1107.80,1107.80,1,210.20,1,212.20,1108.49,1108.49,0.00,1886,0
^SPX,2004-01-02,SXB,2004-03-20,900.000,p,2.50,2.50,2.45,2.45,135,2,2.45,50,3.20,1107.80,1107.80,2,2.45,50,3.10,1108.49,1108.49,2.49,32489,0
^SPX,2004-01-02,SXB,2004-03-20,925.000,c,0.00,0.00,0.00,0.00,0,1,183.40,1,185.40,1107.80,1107.80,1,185.70,1,187.70,1108.49,1108.49,0.00,1947,0
^SPX,2004-01-02,SXB,2004-03-20,925.000,p,3.10,3.60,3.00,3.60,124,52,2.90,50,3.70,1107.80,1107.80,2,2.90,50,3.60,1108.49,1108.49,3.49,11705,0
^SPX,2004-01-02,SXB,2004-03-20,950.000,c,168.30,168.30,166.00,166.00,31,1,159.60,1,161.60,1107.80,1107.80,1,161.90,1,163.90,1108.49,1108.49,167.43,6580,0
^SPX,2004-01-02,SXB,2004-03-20,950.000,p,4.00,4.00,3.90,3.90,805,50,4.10,50,4.90,1107.80,1107.80,50,3.90,50,4.70,1108.49,1108.49,3.90,33977,0
^SPX,2004-01-02,SXB,2004-03-20,960.000,c,0.00,0.00,0.00,0.00,0,1,150.20,1,152.20,1107.80,1107.80,1,152.30,1,154.30,1108.49,1108.49,0.00,25,0
^SPX,2004-01-02,SXB,2004-03-20,960.000,p,4.40,5.20,4.40,5.20,220,10,5.00,50,5.50,1107.80,1107.80,50,4.50,50,5.30,1108.49,1108.49,5.13,5747,0
^SPX,2004-01-02,SXB,2004-03-20,975.000,c,0.00,0.00,0.00,0.00,0,1,136.00,1,138.00,1107.80,1107.80,1,138.20,1,140.20,1108.49,1108.49,0.00,9676,0
^SPX,2004-01-02,SXB,2004-03-20,975.000,p,5.50,5.70,5.00,5.70,1016,50,5.30,50,6.30,1107.80,1107.80,50,5.10,50,6.10,1108.49,1108.49,5.33,36601,0
^SPX,2004-01-02,SXB,2004-03-20,995.000,c,125.20,125.20,125.20,125.20,5,1,117.80,1,119.80,1107.80,1107.80,1,120.00,1,122.00,1108.49,1108.49,125.20,18983,0
^SPX,2004-01-02,SXB,2004-03-20,995.000,p,6.30,7.00,6.00,6.90,1536,1,7.10,1,8.10,1107.80,1107.80,1,6.80,1,7.80,1108.49,1108.49,6.99,18826,0
^SPX,2004-01-02,SPQ,2004-03-20,1005.000,c,0.00,0.00,0.00,0.00,0,20,108.80,20,110.80,1107.80,1107.80,20,110.90,20,112.90,1108.49,1108.49,0.00,2411,0
^SPX,2004-01-02,SPQ,2004-03-20,1005.000,p,7.80,9.00,6.60,9.00,116,1,8.00,1,9.00,1107.80,1107.80,1,7.70,1,8.70,1108.49,1108.49,7.86,15847,0
^SPX,2004-01-02,SPQ,2004-03-20,1025.000,c,98.40,100.00,98.00,99.00,32,50,91.50,50,93.50,1107.80,1107.80,50,93.60,50,95.60,1108.49,1108.49,98.53,21479,0
^SPX,2004-01-02,SPQ,2004-03-20,1025.000,p,10.00,10.00,9.30,10.00,221,1,10.40,1,11.50,1107.80,1107.80,1,10.10,1,11.50,1108.49,1108.49,9.65,42408,0
^SPX,2004-01-02,SPQ,2004-03-20,1030.000,c,0.00,0.00,0.00,0.00,0,50,86.90,50,88.90,1107.80,1107.80,50,88.90,50,90.90,1108.49,1108.49,0.00,46,0
^SPX,2004-01-02,SPQ,2004-03-20,1030.000,p,10.30,11.00,10.00,11.00,99,1,10.80,1,12.40,1107.80,1107.80,1,10.30,1,11.90,1108.49,1108.49,10.32,4765,0
^SPX,2004-01-02,SPQ,2004-03-20,1050.000,c,78.50,78.50,72.00,72.00,5,50,70.70,50,72.70,1107.80,1107.80,50,72.40,50,74.40,1108.49,1108.49,74.60,17822,0
^SPX,2004-01-02,SPQ,2004-03-20,1050.000,p,12.90,16.10,12.10,15.00,928,1,14.50,1,16.10,1107.80,1107.80,1,13.90,1,15.50,1108.49,1108.49,13.20,27387,0
^SPX,2004-01-02,SPQ,2004-03-20,1060.000,c,0.00,0.00,0.00,0.00,0,50,62.70,50,64.70,1107.80,1107.80,50,64.30,50,66.30,1108.49,1108.49,0.00,3293,0
^SPX,2004-01-02,SPQ,2004-03-20,1060.000,p,15.50,15.70,15.50,15.70,108,1,16.50,1,18.10,1107.80,1107.80,1,15.90,1,17.50,1108.49,1108.49,15.69,5925,0
^SPX,2004-01-02,SPQ,2004-03-20,1070.000,c,0.00,0.00,0.00,0.00,0,50,55.00,50,57.00,1107.80,1107.80,50,56.70,50,58.70,1108.49,1108.49,0.00,6426,0
^SPX,2004-01-02,SPQ,2004-03-20,1070.000,p,18.30,21.00,18.30,20.00,106,1,18.80,1,20.40,1107.80,1107.80,1,18.10,1,19.70,1108.49,1108.49,20.01,6622,0
^SPX,2004-01-02,SPQ,2004-03-20,1075.000,c,57.80,57.90,56.00,56.80,3332,50,51.50,50,53.50,1107.80,1107.80,50,53.10,50,55.10,1108.49,1108.49,57.74,30186,0
^SPX,2004-01-02,SPQ,2004-03-20,1075.000,p,19.50,21.50,17.50,21.50,380,1,20.10,1,22.10,1107.80,1107.80,1,19.50,1,21.10,1108.49,1108.49,18.64,30111,0
^SPX,2004-01-02,SPQ,2004-03-20,1085.000,c,0.00,0.00,0.00,0.00,0,50,44.10,50,46.10,1107.80,1107.80,50,45.50,50,47.50,1108.49,1108.49,0.00,3551,0
^SPX,2004-01-02,SPQ,2004-03-20,1085.000,p,23.70,23.70,23.70,23.70,3,1,22.60,1,24.60,1107.80,1107.80,1,21.80,1,23.80,1108.49,1108.49,23.70,4462,0
^SPX,2004-01-02,SPT,2004-03-20,1100.000,c,40.90,43.10,35.00,36.00,226,1,36.00,50,37.00,1107.80,1107.80,50,36.20,50,38.20,1108.49,1108.49,40.60,41424,0
^SPX,2004-01-02,SPT,2004-03-20,1100.000,p,24.40,31.00,24.40,29.60,621,1,28.50,1,30.50,1107.80,1107.80,1,27.50,1,29.50,1108.49,1108.49,27.66,18975,0
^SPX,2004-01-02,SPT,2004-03-20,1110.000,c,35.00,36.50,29.00,30.00,4823,1,30.10,50,31.10,1107.80,1107.80,1,30.50,50,32.20,1108.49,1108.49,34.12,18436,0
^SPX,2004-01-02,SPT,2004-03-20,1110.000,p,29.50,35.00,28.00,34.00,4721,1,32.60,1,34.60,1107.80,1107.80,1,31.50,1,33.50,1108.49,1108.49,30.18,10170,0
^SPX,2004-01-02,SPT,2004-03-20,1125.000,c,25.60,28.00,23.00,23.00,135,50,21.80,50,23.80,1107.80,1107.80,5,23.00,50,24.80,1108.49,1108.49,26.54,9139,0
^SPX,2004-01-02,SPT,2004-03-20,1125.000,p,36.00,36.00,34.50,36.00,28,1,40.30,1,42.30,1107.80,1107.80,1,39.00,1,41.00,1108.49,1108.49,35.36,104,0
^SPX,2004-01-02,SPT,2004-03-20,1150.000,c,15.00,17.00,12.10,12.90,7154,2,12.50,50,14.00,1107.80,1107.80,50,13.10,50,14.70,1108.49,1108.49,15.77,16940,0
^SPX,2004-01-02,SPT,2004-03-20,1150.000,p,52.00,52.00,50.00,52.00,64,1,55.60,1,57.60,1107.80,1107.80,1,54.10,1,56.10,1108.49,1108.49,51.94,1639,0
^SPX,2004-01-02,SPT,2004-03-20,1175.000,c,9.10,9.60,8.40,8.50,366,50,6.40,50,7.40,1107.80,1107.80,50,6.80,10,7.50,1108.49,1108.49,8.61,10949,0
^SPX,2004-01-02,SPT,2004-03-20,1175.000,p,68.00,68.00,66.50,66.50,25,1,74.20,1,76.20,1107.80,1107.80,1,72.40,1,74.40,1108.49,1108.49,67.10,2016,0
^SPX,2004-01-02,SZP,2004-03-20,1200.000,c,4.40,4.50,4.00,4.00,294,50,3.00,3,3.70,1107.80,1107.80,50,3.20,3,3.70,1108.49,1108.49,4.27,5540,0
^SPX,2004-01-02,SZP,2004-03-20,1200.000,p,90.50,90.50,90.50,90.50,1,1,95.60,1,97.60,1107.80,1107.80,1,93.40,1,95.40,1108.49,1108.49,90.50,9,0
^SPX,2004-01-02,SZP,2004-03-20,1250.000,c,1.25,1.30,1.15,1.15,25,10,0.70,50,1.05,1107.80,1107.80,10,0.70,50,1.10,1108.49,1108.49,1.22,2821,0
^SPX,2004-01-02,SZP,2004-03-20,1250.000,p,0.00,0.00,0.00,0.00,0,1,142.90,1,144.90,1107.80,1107.80,1,140.50,1,142.50,1108.49,1108.49,0.00,103,0
^SPX,2004-01-02,SXY,2004-03-20,1300.000,c,0.00,0.00,0.00,0.00,0,10,0.05,50,0.50,1107.80,1107.80,10,0.05,50,0.50,1108.49,1108.49,0.00,750,0
^SPX,2004-01-02,SXY,2004-03-20,1300.000,p,0.00,0.00,0.00,0.00,0,1,192.50,1,194.50,1107.80,1107.80,1,189.70,1,191.70,1108.49,1108.49,0.00,506,0
^SPX,2004-01-02,SXM,2004-03-20,1500.000,c,0.00,0.00,0.00,0.00,0,0,0.00,50,0.50,1107.80,1107.80,0,0.00,50,0.50,1108.49,1108.49,0.00,13598,0
^SPX,2004-01-02,SXM,2004-03-20,1500.000,p,0.00,0.00,0.00,0.00,0,1,391.70,1,393.70,1107.80,1107.80,1,389.00,1,391.00,1108.49,1108.49,0.00,13601,0
^SPX,2004-01-02,SYF,2004-06-19,400.000,c,0.00,0.00,0.00,0.00,0,1,700.40,1,702.40,1107.80,1107.80,1,703.10,1,705.10,1108.49,1108.49,0.00,100,0
^SPX,2004-01-02,SYF,2004-06-19,400.000,p,0.00,0.00,0.00,0.00,0,0,0.00,50,0.50,1107.80,1107.80,0,0.00,50,0.50,1108.49,1108.49,0.00,6619,0
^SPX,2004-01-02,SYF,2004-06-19,500.000,c,0.00,0.00,0.00,0.00,0,1,601.00,1,603.00,1107.80,1107.80,1,603.70,1,605.70,1108.49,1108.49,0.00,9164,0
^SPX,2004-01-02,SYF,2004-06-19,500.000,p,0.15,0.15,0.15,0.15,50,0,0.00,9,0.40,1107.80,1107.80,0,0.00,9,0.40,1108.49,1108.49,0.15,14308,0
^SPX,2004-01-02,SYF,2004-06-19,550.000,c,0.00,0.00,0.00,0.00,0,1,551.30,1,553.30,1107.80,1107.80,1,553.80,1,555.80,1108.49,1108.49,0.00,3,0
^SPX,2004-01-02,SYF,2004-06-19,550.000,p,0.00,0.00,0.00,0.00,0,0,0.00,50,0.50,1107.80,1107.80,0,0.00,50,0.50,1108.49,1108.49,0.00,2022,0
^SPX,2004-01-02,SYG,2004-06-19,600.000,c,0.00,0.00,0.00,0.00,0,1,502.00,1,504.00,1107.80,1107.80,1,504.50,1,506.50,1108.49,1108.49,0.00,72,0
^SPX,2004-01-02,SYG,2004-06-19,600.000,p,0.00,0.00,0.00,0.00,0,15,0.30,50,0.50,1107.80,1107.80,15,0.30,50,0.50,1108.49,1108.49,0.00,11449,0
^SPX,2004-01-02,SYG,2004-06-19,650.000,c,0.00,0.00,0.00,0.00,0,1,452.60,1,454.60,1107.80,1107.80,1,455.10,1,457.10,1108.49,1108.49,0.00,25,0
^SPX,2004-01-02,SYG,2004-06-19,650.000,p,0.00,0.00,0.00,0.00,0,50,0.30,50,0.80,1107.80,1107.80,50,0.30,50,0.80,1108.49,1108.49,0.00,8183,0
^SPX,2004-01-02,SPZ,2004-06-19,700.000,c,0.00,0.00,0.00,0.00,0,1,403.50,1,405.50,1107.80,1107.80,1,405.90,1,407.90,1108.49,1108.49,0.00,61,0
^SPX,2004-01-02,SPZ,2004-06-19,700.000,p,1.00,1.05,1.00,1.05,3230,50,0.85,50,1.35,1107.80,1107.80,50,0.80,50,1.30,1108.49,1108.49,1.00,29998,0
^SPX,2004-01-02,SPZ,2004-06-19,750.000,c,0.00,0.00,0.00,0.00,0,1,354.50,1,356.50,1107.80,1107.80,1,356.90,1,358.90,1108.49,1108.49,0.00,4349,0
^SPX,2004-01-02,SPZ,2004-06-19,750.000,p,1.85,1.85,1.85,1.85,26,50,1.60,50,2.10,1107.80,1107.80,50,1.55,50,2.05,1108.49,1108.49,1.85,12340,0
^SPX,2004-01-02,SPZ,2004-06-19,775.000,c,0.00,0.00,0.00,0.00,0,1,330.10,1,332.10,1107.80,1107.80,1,332.60,1,334.60,1108.49,1108.49,0.00,40,0
^SPX,2004-01-02,SPZ,2004-06-19,775.000,p,0.00,0.00,0.00,0.00,0,50,2.00,50,2.80,1107.80,1107.80,50,1.95,50,2.45,1108.49,1108.49,0.00,6485,0
^SPX,2004-01-02,SPX,2004-06-19,800.000,c,0.00,0.00,0.00,0.00,0,1,306.00,1,308.00,1107.80,1107.80,1,308.20,1,310.20,1108.49,1108.49,0.00,1967,0
^SPX,2004-01-02,SPX,2004-06-19,800.000,p,3.20,3.20,2.70,2.90,116,50,2.70,50,3.50,1107.80,1107.80,50,2.60,50,3.40,1108.49,1108.49,2.89,36939,0
^SPX,2004-01-02,SPX,2004-06-19,825.000,c,0.00,0.00,0.00,0.00,0,1,281.70,1,283.70,1107.80,1107.80,1,283.80,1,285.80,1108.49,1108.49,0.00,12480,0
^SPX,2004-01-02,SPX,2004-06-19,825.000,p,0.00,0.00,0.00,0.00,0,50,3.20,50,4.00,1107.80,1107.80,50,3.10,50,3.90,1108.49,1108.49,0.00,8511,0
^SPX,2004-01-02,SPX,2004-06-19,850.000,c,0.00,0.00,0.00,0.00,0,1,257.90,1,259.90,1107.80,1107.80,1,260.00,1,262.00,1108.49,1108.49,0.00,13401,0
^SPX,2004-01-02,SPX,2004-06-19,850.000,p,0.00,0.00,0.00,0.00,0,50,4.20,50,5.00,1107.80,1107.80,50,4.10,50,4.90,1108.49,1108.49,0.00,19971,0
^SPX,2004-01-02,SPX,2004-06-19,875.000,c,0.00,0.00,0.00,0.00,0,1,234.20,1,236.20,1107.80,1107.80,1,236.50,1,238.50,1108.49,1108.49,0.00,3534,0
^SPX,2004-01-02,SPX,2004-06-19,875.000,p,5.50,5.90,5.50,5.90,3550,50,5.30,50,6.30,1107.80,1107.80,50,5.20,50,6.20,1108.49,1108.49,5.66,9740,0
^SPX,2004-01-02,SXB,2004-06-19,900.000,c,217.00,217.00,217.00,217.00,3,1,210.90,1,212.90,1107.80,1107.80,1,213.20,1,215.20,1108.49,1108.49,217.00,22676,0
^SPX,2004-01-02,SXB,2004-06-19,900.000,p,6.00,6.70,6.00,6.60,778,50,6.90,50,7.90,1107.80,1107.80,1,7.00,1,7.40,1108.49,1108.49,6.02,26947,0
^SPX,2004-01-02,SXB,2004-06-19,925.000,c,0.00,0.00,0.00,0.00,0,1,187.80,1,189.80,1107.80,1107.80,1,189.80,1,191.80,1108.49,1108.49,0.00,4390,0
^SPX,2004-01-02,SXB,2004-06-19,925.000,p,7.80,9.60,7.80,9.60,20,50,8.60,50,9.60,1107.80,1107.80,50,8.40,50,9.40,1108.49,1108.49,9.15,11233,0
^SPX,2004-01-02,SXB,2004-06-19,950.000,c,0.00,0.00,0.00,0.00,0,1,165.20,1,167.20,1107.80,1107.80,1,167.30,1,169.30,1108.49,1108.49,0.00,10987,0
^SPX,2004-01-02,SXB,2004-06-19,950.000,p,11.00,11.00,9.80,9.80,51,1,10.70,1,12.20,1107.80,1107.80,1,10.70,1,11.90,1108.49,1108.49,10.98,23041,0
^SPX,2004-01-02,SXB,2004-06-19,975.000,c,0.00,0.00,0.00,0.00,0,1,143.10,1,145.10,1107.80,1107.80,1,145.20,1,147.20,1108.49,1108.49,0.00,3686,0
^SPX,2004-01-02,SXB,2004-06-19,975.000,p,13.90,13.90,13.30,13.30,18,1,13.40,1,15.00,1107.80,1107.80,1,13.00,1,14.60,1108.49,1108.49,13.70,9478,0
^SPX,2004-01-02,SXB,2004-06-19,995.000,c,0.00,0.00,0.00,0.00,0,1,125.80,1,127.80,1107.80,1107.80,1,127.80,1,129.80,1108.49,1108.49,0.00,17079,0
^SPX,2004-01-02,SXB,2004-06-19,995.000,p,15.80,15.80,14.90,15.50,766,1,16.00,1,17.60,1107.80,1107.80,1,15.50,1,17.10,1108.49,1108.49,14.91,15572,0
^SPX,2004-01-02,SPQ,2004-06-19,1005.000,c,0.00,0.00,0.00,0.00,0,20,117.60,20,119.60,1107.80,1107.80,20,119.40,20,121.40,1108.49,1108.49,0.00,1823,0
^SPX,2004-01-02,SPQ,2004-06-19,1005.000,p,17.70,18.00,16.80,18.00,517,1,17.70,1,19.30,1107.80,1107.80,1,17.30,1,18.90,1108.49,1108.49,17.08,6916,0
^SPX,2004-01-02,SPQ,2004-06-19,1025.000,c,105.50,105.50,105.50,105.50,2,20,101.60,20,103.60,1107.80,1107.80,20,103.30,20,105.30,1108.49,1108.49,105.50,6820,0
^SPX,2004-01-02,SPQ,2004-06-19,1025.000,p,0.00,0.00,0.00,0.00,0,1,21.40,1,23.40,1107.80,1107.80,1,20.80,1,22.80,1108.49,1108.49,0.00,10560,0
^SPX,2004-01-02,SPQ,2004-06-19,1050.000,c,0.00,0.00,0.00,0.00,0,50,82.50,50,84.50,1107.80,1107.80,50,84.10,50,86.10,1108.49,1108.49,0.00,19425,0
^SPX,2004-01-02,SPQ,2004-06-19,1050.000,p,25.70,26.00,25.70,26.00,21,1,27.20,1,29.20,1107.80,1107.80,1,26.50,1,28.50,1108.49,1108.49,25.99,10988,0
^SPX,2004-01-02,SPQ,2004-06-19,1075.000,c,70.00,70.00,70.00,70.00,2,50,65.20,50,67.20,1107.80,1107.80,50,66.50,50,68.50,1108.49,1108.49,70.00,9375,0
^SPX,2004-01-02,SPQ,2004-06-19,1075.000,p,32.50,34.50,32.50,34.50,20,1,34.70,1,36.70,1107.80,1107.80,20,34.50,1,35.80,1108.49,1108.49,33.50,3515,0
^SPX,2004-01-02,SPQ,2004-06-19,1085.000,c,59.50,59.50,59.50,59.50,3,50,58.40,50,60.40,1107.80,1107.80,50,59.80,50,61.80,1108.49,1108.49,59.50,13,0
^SPX,2004-01-02,SPQ,2004-06-19,1085.000,p,37.80,37.80,37.80,37.80,3,1,37.90,1,39.90,1107.80,1107.80,1,37.00,1,39.00,1108.49,1108.49,37.80,111,0
^SPX,2004-01-02,SPT,2004-06-19,1100.000,c,54.80,56.50,50.90,50.90,19,50,49.50,50,51.50,1107.80,1107.80,50,50.70,1,51.90,1108.49,1108.49,51.60,19484,0
^SPX,2004-01-02,SPT,2004-06-19,1100.000,p,41.50,41.50,40.80,40.80,103,1,43.80,1,45.80,1107.80,1107.80,1,42.80,1,44.80,1108.49,1108.49,41.49,5314,0
^SPX,2004-01-02,SPT,2004-06-19,1125.000,c,0.00,0.00,0.00,0.00,0,50,36.10,50,38.10,1107.80,1107.80,50,37.10,50,39.10,1108.49,1108.49,0.00,6378,0
^SPX,2004-01-02,SPT,2004-06-19,1125.000,p,52.20,57.70,51.50,57.70,72,1,55.30,1,57.30,1107.80,1107.80,1,54.10,1,56.10,1108.49,1108.49,53.69,218,0
^SPX,2004-01-02,SPT,2004-06-19,1150.000,c,29.00,29.00,28.40,28.40,2,50,25.10,50,27.10,1107.80,1107.80,50,25.90,50,27.90,1108.49,1108.49,28.70,15311,0
^SPX,2004-01-02,SPT,2004-06-19,1150.000,p,0.00,0.00,0.00,0.00,0,1,69.20,1,71.20,1107.80,1107.80,1,67.80,1,69.80,1108.49,1108.49,0.00,1053,0
^SPX,2004-01-02,SPT,2004-06-19,1175.000,c,20.50,20.70,18.50,20.70,152,50,16.80,50,18.40,1107.80,1107.80,50,17.40,50,19.00,1108.49,1108.49,20.68,1749,0
^SPX,2004-01-02,SPT,2004-06-19,1175.000,p,81.50,81.50,81.50,81.50,1,1,85.50,1,87.50,1107.80,1107.80,1,83.90,1,85.90,1108.49,1108.49,81.50,625,0
^SPX,2004-01-02,SZP,2004-06-19,1200.000,c,13.00,13.00,11.50,11.50,16,50,10.60,50,12.20,1107.80,1107.80,50,11.00,50,12.60,1108.49,1108.49,12.91,17041,0
^SPX,2004-01-02,SZP,2004-06-19,1200.000,p,0.00,0.00,0.00,0.00,0,1,104.20,1,106.20,1107.80,1107.80,1,102.20,1,104.20,1108.49,1108.49,0.00,343,0
^SPX,2004-01-02,SZP,2004-06-19,1250.000,c,5.10,5.10,5.10,5.10,20,50,4.10,50,4.90,1107.80,1107.80,50,4.40,50,5.20,1108.49,1108.49,5.10,2276,0
^SPX,2004-01-02,SZP,2004-06-19,1250.000,p,0.00,0.00,0.00,0.00,0,1,147.00,1,149.00,1107.80,1107.80,1,145.00,1,147.00,1108.49,1108.49,0.00,49,0
^SPX,2004-01-02,SXY,2004-06-19,1300.000,c,1.90,1.90,1.90,1.90,10,50,1.45,50,1.95,1107.80,1107.80,50,1.60,50,2.10,1108.49,1108.49,1.90,12629,0
^SPX,2004-01-02,SXY,2004-06-19,1300.000,p,0.00,0.00,0.00,0.00,0,1,194.20,1,196.20,1107.80,1107.80,1,191.60,1,193.60,1108.49,1108.49,0.00,401,0
^SPX,2004-01-02,SXY,2004-06-19,1350.000,c,0.00,0.00,0.00,0.00,0,50,0.35,50,0.85,1107.80,1107.80,50,0.40,50,0.90,1108.49,1108.49,0.00,710,0
^SPX,2004-01-02,SXY,2004-06-19,1350.000,p,0.00,0.00,0.00,0.00,0,1,242.80,1,244.80,1107.80,1107.80,1,240.30,1,242.30,1108.49,1108.49,0.00,99,0
^SPX,2004-01-02,SXY,2004-06-19,1375.000,c,0.45,0.45,0.45,0.45,10,50,0.10,50,0.60,1107.80,1107.80,50,0.10,50,0.60,1108.49,1108.49,0.45,40,0
^SPX,2004-01-02,SXY,2004-06-19,1375.000,p,0.00,0.00,0.00,0.00,0,1,267.40,1,269.40,1107.80,1107.80,1,264.70,1,266.70,1108.49,1108.49,0.00,7,0
^SPX,2004-01-02,SXZ,2004-06-19,1400.000,c,0.00,0.00,0.00,0.00,0,0,0.00,50,0.50,1107.80,1107.80,0,0.00,50,0.50,1108.49,1108.49,0.00,8717,0
^SPX,2004-01-02,SXZ,2004-06-19,1400.000,p,0.00,0.00,0.00,0.00,0,1,292.10,1,294.10,1107.80,1107.80,1,289.40,1,291.40,1108.49,1108.49,0.00,586,0
^SPX,2004-01-02,SXZ,2004-06-19,1450.000,c,0.00,0.00,0.00,0.00,0,0,0.00,50,0.50,1107.80,1107.80,0,0.00,50,0.50,1108.49,1108.49,0.00,207,0
^SPX,2004-01-02,SXZ,2004-06-19,1450.000,p,0.00,0.00,0.00,0.00,0,1,341.70,1,343.70,1107.80,1107.80,1,338.90,1,340.90,1108.49,1108.49,0.00,21,0
^SPX,2004-01-02,SXM,2004-06-19,1500.000,c,0.00,0.00,0.00,0.00,0,0,0.00,50,0.50,1107.80,1107.80,0,0.00,50,0.50,1108.49,1108.49,0.00,6,0
^SPX,2004-01-02,SXM,2004-06-19,1500.000,p,0.00,0.00,0.00,0.00,0,1,391.40,1,393.40,1107.80,1107.80,1,388.90,1,390.90,1108.49,1108.49,0.00,326,0
^SPX,2004-01-02,SYG,2004-09-18,600.000,c,0.00,0.00,0.00,0.00,0,1,500.10,1,502.10,1107.80,1107.80,1,502.30,1,504.30,1108.49,1108.49,0.00,0,0
^SPX,2004-01-02,SYG,2004-09-18,600.000,p,0.00,0.00,0.00,0.00,0,50,0.50,50,1.00,1107.80,1107.80,50,0.50,50,1.00,1108.49,1108.49,0.00,165,0
^SPX,2004-01-02,SYG,2004-09-18,625.000,c,0.00,0.00,0.00,0.00,0,0,0.00,0,0.00,1107.80,1107.80,0,0.00,0,0.00,1108.49,1108.49,0.00,0,0
^SPX,2004-01-02,SYG,2004-09-18,625.000,p,0.00,0.00,0.00,0.00,0,0,0.00,0,0.00,1107.80,1107.80,0,0.00,0,0.00,1108.49,1108.49,0.00,0,0
^SPX,2004-01-02,SYG,2004-09-18,650.000,c,0.00,0.00,0.00,0.00,0,1,451.20,1,453.20,1107.80,1107.80,1,453.70,1,455.70,1108.49,1108.49,0.00,0,0
^SPX,2004-01-02,SYG,2004-09-18,650.000,p,0.00,0.00,0.00,0.00,0,50,1.15,50,1.65,1107.80,1107.80,50,1.15,50,1.65,1108.49,1108.49,0.00,50,0
^SPX,2004-01-02,SYG,2004-09-18,675.000,c,0.00,0.00,0.00,0.00,0,0,0.00,0,0.00,1107.80,1107.80,0,0.00,0,0.00,1108.49,1108.49,0.00,0,0
^SPX,2004-01-02,SYG,2004-09-18,675.000,p,0.00,0.00,0.00,0.00,0,0,0.00,0,0.00,1107.80,1107.80,0,0.00,0,0.00,1108.49,1108.49,0.00,0,0
^SPX,2004-01-02,SPZ,2004-09-18,700.000,c,0.00,0.00,0.00,0.00,0,1,402.60,1,404.60,1107.80,1107.80,1,405.00,1,407.00,1108.49,1108.49,0.00,0,0
^SPX,2004-01-02,SPZ,2004-09-18,700.000,p,2.20,2.25,2.20,2.25,2136,50,2.00,50,2.80,1107.80,1107.80,50,1.95,50,2.45,1108.49,1108.49,2.25,55368,0
^SPX,2004-01-02,SPZ,2004-09-18,725.000,c,0.00,0.00,0.00,0.00,0,0,0.00,0,0.00,1107.80,1107.80,0,0.00,0,0.00,1108.49,1108.49,0.00,0,0
^SPX,2004-01-02,SPZ,2004-09-18,725.000,p,0.00,0.00,0.00,0.00,0,0,0.00,0,0.00,1107.80,1107.80,0,0.00,0,0.00,1108.49,1108.49,0.00,0,0
^SPX,2004-01-02,SPZ,2004-09-18,750.000,c,0.00,0.00,0.00,0.00,0,1,354.40,1,356.40,1107.80,1107.80,1,356.80,1,358.80,1108.49,1108.49,0.00,0,0
^SPX,2004-01-02,SPZ,2004-09-18,750.000,p,0.00,0.00,0.00,0.00,0,50,3.30,50,4.10,1107.80,1107.80,50,3.20,50,4.00,1108.49,1108.49,0.00,5443,0
^SPX,2004-01-02,SPZ,2004-09-18,775.000,c,0.00,0.00,0.00,0.00,0,0,0.00,0,0.00,1107.80,1107.80,0,0.00,0,0.00,1108.49,1108.49,0.00,0,0
^SPX,2004-01-02,SPZ,2004-09-18,775.000,p,0.00,0.00,0.00,0.00,0,0,0.00,0,0.00,1107.80,1107.80,0,0.00,0,0.00,1108.49,1108.49,0.00,0,0
^SPX,2004-01-02,SPX,2004-09-18,800.000,c,0.00,0.00,0.00,0.00,0,1,306.70,1,308.70,1107.80,1107.80,1,309.00,1,311.00,1108.49,1108.49,0.00,0,0
^SPX,2004-01-02,SPX,2004-09-18,800.000,p,5.70,5.70,5.70,5.70,10,50,5.00,50,5.80,1107.80,1107.80,50,4.90,10,5.50,1108.49,1108.49,5.70,2358,0
^SPX,2004-01-02,SPX,2004-09-18,825.000,c,0.00,0.00,0.00,0.00,0,0,0.00,0,0.00,1107.80,1107.80,0,0.00,0,0.00,1108.49,1108.49,0.00,0,0
^SPX,2004-01-02,SPX,2004-09-18,825.000,p,0.00,0.00,0.00,0.00,0,0,0.00,0,0.00,1107.80,1107.80,0,0.00,0,0.00,1108.49,1108.49,0.00,0,0
^SPX,2004-01-02,SPX,2004-09-18,850.000,c,0.00,0.00,0.00,0.00,0,1,260.20,1,262.20,1107.80,1107.80,1,262.50,1,264.50,1108.49,1108.49,0.00,0,0
^SPX,2004-01-02,SPX,2004-09-18,850.000,p,0.00,0.00,0.00,0.00,0,50,8.00,50,9.00,1107.80,1107.80,50,7.80,10,8.50,1108.49,1108.49,0.00,4844,0
^SPX,2004-01-02,SPX,2004-09-18,875.000,c,0.00,0.00,0.00,0.00,0,0,0.00,0,0.00,1107.80,1107.80,0,0.00,0,0.00,1108.49,1108.49,0.00,0,0
^SPX,2004-01-02,SPX,2004-09-18,875.000,p,0.00,0.00,0.00,0.00,0,0,0.00,0,0.00,1107.80,1107.80,0,0.00,0,0.00,1108.49,1108.49,0.00,0,0
^SPX,2004-01-02,SXB,2004-09-18,900.000,c,0.00,0.00,0.00,0.00,0,1,214.60,1,216.60,1107.80,1107.80,1,216.80,1,218.80,1108.49,1108.49,0.00,7150,0
^SPX,2004-01-02,SXB,2004-09-18,900.000,p,11.20,11.20,11.20,11.20,200,50,11.60,50,13.20,1107.80,1107.80,50,11.30,50,12.90,1108.49,1108.49,11.20,6947,0
^SPX,2004-01-02,SXB,2004-09-18,925.000,c,0.00,0.00,0.00,0.00,0,1,192.50,1,194.50,1107.80,1107.80,1,194.60,1,196.60,1108.49,1108.49,0.00,70,0
^SPX,2004-01-02,SXB,2004-09-18,925.000,p,0.00,0.00,0.00,0.00,0,1,14.30,1,15.90,1107.80,1107.80,1,14.00,1,15.60,1108.49,1108.49,0.00,3450,0
^SPX,2004-01-02,SXB,2004-09-18,950.000,c,0.00,0.00,0.00,0.00,0,1,170.60,1,172.60,1107.80,1107.80,1,172.50,1,174.50,1108.49,1108.49,0.00,561,0
^SPX,2004-01-02,SXB,2004-09-18,950.000,p,0.00,0.00,0.00,0.00,0,1,17.20,1,18.80,1107.80,1107.80,1,16.80,1,18.40,1108.49,1108.49,0.00,9884,0
^SPX,2004-01-02,SXB,2004-09-18,975.000,c,0.00,0.00,0.00,0.00,0,1,149.60,1,151.60,1107.80,1107.80,1,151.60,1,153.60,1108.49,1108.49,0.00,0,0
^SPX,2004-01-02,SXB,2004-09-18,975.000,p,20.50,20.50,20.50,20.50,1,1,20.70,1,22.70,1107.80,1107.80,1,20.20,1,22.20,1108.49,1108.49,20.50,744,0
^SPX,2004-01-02,SXB,2004-09-18,995.000,c,0.00,0.00,0.00,0.00,0,1,133.40,1,135.40,1107.80,1107.80,1,135.30,1,137.30,1108.49,1108.49,0.00,327,0
^SPX,2004-01-02,SXB,2004-09-18,995.000,p,0.00,0.00,0.00,0.00,0,1,24.40,1,26.40,1107.80,1107.80,1,23.80,1,25.80,1108.49,1108.49,0.00,4672,0
^SPX,2004-01-02,SPQ,2004-09-18,1005.000,c,0.00,0.00,0.00,0.00,0,20,126.40,20,128.40,1107.80,1107.80,20,128.10,20,130.10,1108.49,1108.49,0.00,299,0
^SPX,2004-01-02,SPQ,2004-09-18,1005.000,p,25.30,25.50,25.30,25.40,378,1,27.30,1,29.30,1107.80,1107.80,1,26.70,1,28.70,1108.49,1108.49,25.50,2476,0
^SPX,2004-01-02,SPQ,2004-09-18,1025.000,c,0.00,0.00,0.00,0.00,0,50,110.80,50,112.80,1107.80,1107.80,50,112.40,50,114.40,1108.49,1108.49,0.00,3289,0
^SPX,2004-01-02,SPQ,2004-09-18,1025.000,p,0.00,0.00,0.00,0.00,0,1,31.50,1,33.50,1107.80,1107.80,1,30.90,1,32.90,1108.49,1108.49,0.00,2389,0
^SPX,2004-01-02,SPQ,2004-09-18,1050.000,c,99.50,99.50,99.50,99.50,23,50,92.50,50,94.50,1107.80,1107.80,50,94.00,50,96.00,1108.49,1108.49,99.50,6461,0
^SPX,2004-01-02,SPQ,2004-09-18,1050.000,p,0.00,0.00,0.00,0.00,0,1,37.90,1,39.90,1107.80,1107.80,1,37.20,1,39.20,1108.49,1108.49,0.00,5477,0
^SPX,2004-01-02,SPQ,2004-09-18,1075.000,c,0.00,0.00,0.00,0.00,0,50,75.70,50,77.70,1107.80,1107.80,50,77.10,50,79.10,1108.49,1108.49,0.00,2998,0
^SPX,2004-01-02,SPQ,2004-09-18,1075.000,p,44.70,44.70,44.70,44.70,7,1,45.90,1,47.90,1107.80,1107.80,1,45.10,1,47.10,1108.49,1108.49,44.70,2656,0
^SPX,2004-01-02,SPQ,2004-09-18,1085.000,c,0.00,0.00,0.00,0.00,0,50,69.30,50,71.30,1107.80,1107.80,50,70.60,50,72.60,1108.49,1108.49,0.00,0,0
^SPX,2004-01-02,SPQ,2004-09-18,1085.000,p,47.00,47.00,47.00,47.00,10,1,49.40,1,51.40,1107.80,1107.80,1,48.50,1,50.50,1108.49,1108.49,47.00,0,0
^SPX,2004-01-02,SPT,2004-09-18,1100.000,c,0.00,0.00,0.00,0.00,0,50,60.70,50,62.70,1107.80,1107.80,50,61.90,50,63.90,1108.49,1108.49,0.00,6936,0
^SPX,2004-01-02,SPT,2004-09-18,1100.000,p,52.00,52.00,52.00,52.00,200,1,55.70,1,57.70,1107.80,1107.80,1,54.70,1,56.70,1108.49,1108.49,52.00,515,0
^SPX,2004-01-02,SPT,2004-09-18,1125.000,c,54.00,54.00,54.00,54.00,1,50,47.60,50,49.60,1107.80,1107.80,50,48.70,50,50.70,1108.49,1108.49,54.00,3947,0
^SPX,2004-01-02,SPT,2004-09-18,1125.000,p,64.00,64.00,64.00,64.00,1,1,67.40,1,69.40,1107.80,1107.80,1,66.20,1,68.20,1108.49,1108.49,64.00,247,0
^SPX,2004-01-02,SPT,2004-09-18,1150.000,c,40.70,40.70,40.70,40.70,1,1,36.00,50,37.90,1107.80,1107.80,50,36.80,50,38.80,1108.49,1108.49,40.70,5618,0
^SPX,2004-01-02,SPT,2004-09-18,1150.000,p,0.00,0.00,0.00,0.00,0,1,80.40,1,82.40,1107.80,1107.80,1,79.10,1,81.10,1108.49,1108.49,0.00,15,0
^SPX,2004-01-02,SPT,2004-09-18,1175.000,c,0.00,0.00,0.00,0.00,0,50,26.20,50,28.20,1107.80,1107.80,50,27.00,50,29.00,1108.49,1108.49,0.00,1,0
^SPX,2004-01-02,SPT,2004-09-18,1175.000,p,0.00,0.00,0.00,0.00,0,1,95.50,1,97.50,1107.80,1107.80,1,94.00,1,96.00,1108.49,1108.49,0.00,5,0
^SPX,2004-01-02,SZP,2004-09-18,1200.000,c,0.00,0.00,0.00,0.00,0,50,18.80,50,20.40,1107.80,1107.80,50,19.40,50,21.00,1108.49,1108.49,0.00,8897,0
^SPX,2004-01-02,SZP,2004-09-18,1200.000,p,0.00,0.00,0.00,0.00,0,1,112.70,1,114.70,1107.80,1107.80,1,111.00,1,113.00,1108.49,1108.49,0.00,687,0
^SPX,2004-01-02,SZP,2004-09-18,1250.000,c,10.00,10.00,10.00,10.00,100,50,9.10,50,10.10,1107.80,1107.80,50,9.50,50,10.50,1108.49,1108.49,10.00,1173,0
^SPX,2004-01-02,SZP,2004-09-18,1250.000,p,0.00,0.00,0.00,0.00,0,1,152.20,1,154.20,1107.80,1107.80,1,150.30,1,152.30,1108.49,1108.49,0.00,450,0
^SPX,2004-01-02,SXY,2004-09-18,1300.000,c,0.00,0.00,0.00,0.00,0,50,3.80,50,4.60,1107.80,1107.80,50,4.10,50,4.90,1108.49,1108.49,0.00,1560,0
^SPX,2004-01-02,SXY,2004-09-18,1300.000,p,0.00,0.00,0.00,0.00,0,1,196.60,1,198.60,1107.80,1107.80,1,194.10,1,196.10,1108.49,1108.49,0.00,5,0
^SPX,2004-01-02,SXY,2004-09-18,1350.000,c,0.00,0.00,0.00,0.00,0,50,1.70,50,2.20,1107.80,1107.80,50,1.80,50,2.30,1108.49,1108.49,0.00,825,0
^SPX,2004-01-02,SXY,2004-09-18,1350.000,p,0.00,0.00,0.00,0.00,0,1,243.80,1,245.80,1107.80,1107.80,1,241.20,1,243.20,1108.49,1108.49,0.00,550,0
^SPX,2004-01-02,SXZ,2004-09-18,1400.000,c,0.00,0.00,0.00,0.00,0,50,0.60,50,1.10,1107.80,1107.80,50,0.65,50,1.15,1108.49,1108.49,0.00,5,0
^SPX,2004-01-02,SXZ,2004-09-18,1400.000,p,0.00,0.00,0.00,0.00,0,1,292.20,1,294.20,1107.80,1107.80,1,289.80,1,291.80,1108.49,1108.49,0.00,20,0
^SPX,2004-01-02,SXZ,2004-09-18,1475.000,c,0.00,0.00,0.00,0.00,0,0,0.00,50,0.50,1107.80,1107.80,0,0.00,50,0.50,1108.49,1108.49,0.00,4,0
^SPX,2004-01-02,SXZ,2004-09-18,1475.000,p,0.00,0.00,0.00,0.00,0,1,365.90,1,367.90,1107.80,1107.80,1,363.20,1,365.20,1108.49,1108.49,0.00,0,0
^SPX,2004-01-02,SXM,2004-09-18,1500.000,c,0.00,0.00,0.00,0.00,0,0,0.00,50,0.50,1107.80,1107.80,0,0.00,50,0.50,1108.49,1108.49,0.00,2,0
^SPX,2004-01-02,SXM,2004-09-18,1500.000,p,0.00,0.00,0.00,0.00,0,1,390.60,1,392.60,1107.80,1107.80,1,387.90,1,389.90,1108.49,1108.49,0.00,4,0
^SPX,2004-01-02,SYF,2004-12-18,400.000,c,700.90,700.90,700.90,700.90,3,1,694.80,1,696.80,1107.80,1107.80,1,697.50,1,699.50,1108.49,1108.49,700.90,963,0
^SPX,2004-01-02,SYF,2004-12-18,400.000,p,0.00,0.00,0.00,0.00,0,57,0.15,64,0.55,1107.80,1107.80,57,0.15,64,0.55,1108.49,1108.49,0.00,7162,0
^SPX,2004-01-02,SYF,2004-12-18,500.000,c,607.00,607.00,607.00,607.00,100,1,596.70,1,598.70,1107.80,1107.80,1,599.20,1,601.20,1108.49,1108.49,607.00,205,0
^SPX,2004-01-02,SYF,2004-12-18,500.000,p,0.00,0.00,0.00,0.00,0,50,0.35,50,0.85,1107.80,1107.80,50,0.35,50,0.85,1108.49,1108.49,0.00,3919,0
^SPX,2004-01-02,SYG,2004-12-18,600.000,c,0.00,0.00,0.00,0.00,0,1,498.90,1,500.90,1107.80,1107.80,1,501.10,1,503.10,1108.49,1108.49,0.00,186,0
^SPX,2004-01-02,SYG,2004-12-18,600.000,p,1.30,1.30,1.20,1.20,125,95,1.20,50,1.70,1107.80,1107.80,95,1.20,50,1.70,1108.49,1108.49,1.22,5169,0
^SPX,2004-01-02,SYG,2004-12-18,650.000,c,0.00,0.00,0.00,0.00,0,1,450.60,1,452.60,1107.80,1107.80,1,452.70,1,454.70,1108.49,1108.49,0.00,3,0
^SPX,2004-01-02,SYG,2004-12-18,650.000,p,2.10,2.10,2.10,2.10,50,50,2.00,50,2.80,1107.80,1107.80,50,2.00,50,2.80,1108.49,1108.49,2.10,1951,0
^SPX,2004-01-02,SPZ,2004-12-18,700.000,c,0.00,0.00,0.00,0.00,0,1,402.70,1,404.70,1107.80,1107.80,1,404.80,1,406.80,1108.49,1108.49,0.00,227,0
^SPX,2004-01-02,SPZ,2004-12-18,700.000,p,3.80,3.80,3.50,3.50,3483,50,3.40,50,4.20,1107.80,1107.80,50,3.40,50,4.20,1108.49,1108.49,3.51,56681,0
^SPX,2004-01-02,SPZ,2004-12-18,750.000,c,0.00,0.00,0.00,0.00,0,1,355.30,1,357.30,1107.80,1107.80,1,357.70,1,359.70,1108.49,1108.49,0.00,141,0
^SPX,2004-01-02,SPZ,2004-12-18,750.000,p,5.80,5.80,5.80,5.80,1,50,5.30,50,6.30,1107.80,1107.80,10,5.30,50,6.20,1108.49,1108.49,5.80,6147,0
^SPX,2004-01-02,SPZ,2004-12-18,775.000,c,0.00,0.00,0.00,0.00,0,1,332.30,1,334.30,1107.80,1107.80,1,334.70,1,336.70,1108.49,1108.49,0.00,100,0
^SPX,2004-01-02,SPZ,2004-12-18,775.000,p,7.20,7.20,7.20,7.20,115,50,7.00,50,8.00,1107.80,1107.80,50,6.80,50,7.80,1108.49,1108.49,7.20,1936,0
^SPX,2004-01-02,SPX,2004-12-18,800.000,c,321.00,321.00,321.00,321.00,8,1,308.80,1,310.80,1107.80,1107.80,1,311.10,1,313.10,1108.49,1108.49,321.00,3794,0
^SPX,2004-01-02,SPX,2004-12-18,800.000,p,0.00,0.00,0.00,0.00,0,50,8.10,1,8.70,1107.80,1107.80,50,7.90,1,8.70,1108.49,1108.49,0.00,12434,0
^SPX,2004-01-02,SPX,2004-12-18,825.000,c,0.00,0.00,0.00,0.00,0,1,285.70,1,287.70,1107.80,1107.80,1,288.00,1,290.00,1108.49,1108.49,0.00,452,0
^SPX,2004-01-02,SPX,2004-12-18,825.000,p,0.00,0.00,0.00,0.00,0,50,9.70,50,10.70,1107.80,1107.80,50,9.50,50,10.50,1108.49,1108.49,0.00,1416,0
^SPX,2004-01-02,SPX,2004-12-18,850.000,c,0.00,0.00,0.00,0.00,0,1,263.10,1,265.10,1107.80,1107.80,1,265.10,1,267.10,1108.49,1108.49,0.00,2494,0
^SPX,2004-01-02,SPX,2004-12-18,850.000,p,11.30,11.50,11.30,11.50,700,52,11.40,50,13.00,1107.80,1107.80,2,11.40,50,12.80,1108.49,1108.49,11.33,12289,0
^SPX,2004-01-02,SPX,2004-12-18,875.000,c,0.00,0.00,0.00,0.00,0,1,240.80,1,242.80,1107.80,1107.80,1,243.00,1,245.00,1108.49,1108.49,0.00,1355,0
^SPX,2004-01-02,SPX,2004-12-18,875.000,p,0.00,0.00,0.00,0.00,0,50,13.80,50,15.40,1107.80,1107.80,50,13.50,50,15.10,1108.49,1108.49,0.00,4462,0
^SPX,2004-01-02,SXB,2004-12-18,900.000,c,229.50,229.50,229.50,229.50,8,1,218.90,1,220.90,1107.80,1107.80,1,221.10,1,223.10,1108.49,1108.49,229.50,4386,0
^SPX,2004-01-02,SXB,2004-12-18,900.000,p,15.00,16.40,15.00,16.40,3,50,16.50,50,18.10,1107.80,1107.80,50,16.20,50,17.80,1108.49,1108.49,15.47,12511,0
^SPX,2004-01-02,SXB,2004-12-18,920.000,c,0.00,0.00,0.00,0.00,0,0,0.00,0,0.00,1107.80,1107.80,0,0.00,0,0.00,1108.49,1108.49,0.00,0,0
^SPX,2004-01-02,SXB,2004-12-18,920.000,p,0.00,0.00,0.00,0.00,0,0,0.00,0,0.00,1107.80,1107.80,0,0.00,0,0.00,1108.49,1108.49,0.00,0,0
^SPX,2004-01-02,SXB,2004-12-18,925.000,c,0.00,0.00,0.00,0.00,0,1,197.00,1,199.00,1107.80,1107.80,1,199.10,1,201.10,1108.49,1108.49,0.00,3633,0
^SPX,2004-01-02,SXB,2004-12-18,925.000,p,19.20,19.50,19.20,19.50,4,1,19.30,1,20.90,1107.80,1107.80,1,18.90,1,20.50,1108.49,1108.49,19.35,7490,0
^SPX,2004-01-02,SXB,2004-12-18,950.000,c,0.00,0.00,0.00,0.00,0,1,176.10,1,178.10,1107.80,1107.80,1,177.90,1,179.90,1108.49,1108.49,0.00,2418,0
^SPX,2004-01-02,SXB,2004-12-18,950.000,p,0.00,0.00,0.00,0.00,0,1,22.80,1,24.80,1107.80,1107.80,1,22.40,1,24.40,1108.49,1108.49,0.00,12159,0
^SPX,2004-01-02,SXB,2004-12-18,975.000,c,0.00,0.00,0.00,0.00,0,1,155.70,1,157.70,1107.80,1107.80,1,157.50,1,159.50,1108.49,1108.49,0.00,7097,0
^SPX,2004-01-02,SXB,2004-12-18,975.000,p,28.00,28.10,27.00,27.70,118,1,27.10,1,29.10,1107.80,1107.80,1,27.00,1,28.60,1108.49,1108.49,27.54,7053,0
^SPX,2004-01-02,SXB,2004-12-18,995.000,c,0.00,0.00,0.00,0.00,0,1,140.20,1,142.20,1107.80,1107.80,1,141.80,1,143.80,1108.49,1108.49,0.00,5946,0
^SPX,2004-01-02,SXB,2004-12-18,995.000,p,31.00,31.20,30.30,31.20,1350,1,31.30,1,33.30,1107.80,1107.80,3,30.70,1,32.70,1108.49,1108.49,31.00,9835,0
^SPX,2004-01-02,SPQ,2004-12-18,1005.000,c,0.00,0.00,0.00,0.00,0,20,133.50,20,135.50,1107.80,1107.80,20,135.10,20,137.10,1108.49,1108.49,0.00,1714,0
^SPX,2004-01-02,SPQ,2004-12-18,1005.000,p,0.00,0.00,0.00,0.00,0,1,34.40,1,36.40,1107.80,1107.80,1,33.80,1,35.80,1108.49,1108.49,0.00,3274,0
^SPX,2004-01-02,SPQ,2004-12-18,1025.000,c,0.00,0.00,0.00,0.00,0,50,118.80,50,120.80,1107.80,1107.80,50,120.40,50,122.40,1108.49,1108.49,0.00,5516,0
^SPX,2004-01-02,SPQ,2004-12-18,1025.000,p,0.00,0.00,0.00,0.00,0,1,39.50,1,41.50,1107.80,1107.80,1,38.80,1,40.80,1108.49,1108.49,0.00,7291,0
^SPX,2004-01-02,SPQ,2004-12-18,1030.000,c,0.00,0.00,0.00,0.00,0,0,0.00,0,0.00,1107.80,1107.80,0,0.00,0,0.00,1108.49,1108.49,0.00,0,0
^SPX,2004-01-02,SPQ,2004-12-18,1030.000,p,0.00,0.00,0.00,0.00,0,0,0.00,0,0.00,1107.80,1107.80,0,0.00,0,0.00,1108.49,1108.49,0.00,0,0
^SPX,2004-01-02,SPQ,2004-12-18,1035.000,c,0.00,0.00,0.00,0.00,0,50,111.50,50,113.50,1107.80,1107.80,50,113.00,50,115.00,1108.49,1108.49,0.00,0,0
^SPX,2004-01-02,SPQ,2004-12-18,1035.000,p,0.00,0.00,0.00,0.00,0,1,42.10,1,44.10,1107.80,1107.80,1,41.40,1,43.40,1108.49,1108.49,0.00,370,0
^SPX,2004-01-02,SPQ,2004-12-18,1050.000,c,0.00,0.00,0.00,0.00,0,50,101.10,50,103.10,1107.80,1107.80,50,102.50,50,104.50,1108.49,1108.49,0.00,13098,0
^SPX,2004-01-02,SPQ,2004-12-18,1050.000,p,45.50,47.80,45.50,47.80,118,1,46.40,1,48.40,1107.80,1107.80,1,45.60,1,47.60,1108.49,1108.49,46.12,6010,0
^SPX,2004-01-02,SPQ,2004-12-18,1075.000,c,0.00,0.00,0.00,0.00,0,50,85.20,50,87.20,1107.80,1107.80,50,86.50,50,88.50,1108.49,1108.49,0.00,6449,0
^SPX,2004-01-02,SPQ,2004-12-18,1075.000,p,52.00,52.00,52.00,52.00,10,1,55.20,1,57.20,1107.80,1107.80,1,54.30,1,56.30,1108.49,1108.49,52.00,3148,0
^SPX,2004-01-02,SPT,2004-12-18,1100.000,c,74.00,74.00,74.00,74.00,1,50,70.10,50,72.10,1107.80,1107.80,50,71.30,50,73.30,1108.49,1108.49,74.00,10692,0
^SPX,2004-01-02,SPT,2004-12-18,1100.000,p,61.50,63.00,61.50,63.00,530,1,64.80,1,66.80,1107.80,1107.80,1,63.80,1,65.80,1108.49,1108.49,62.42,2494,0
^SPX,2004-01-02,SPT,2004-12-18,1125.000,c,0.00,0.00,0.00,0.00,0,50,56.80,50,58.80,1107.80,1107.80,50,57.90,50,59.90,1108.49,1108.49,0.00,1898,0
^SPX,2004-01-02,SPT,2004-12-18,1125.000,p,72.80,74.50,72.50,74.50,32,1,76.20,1,78.20,1107.80,1107.80,1,75.00,1,77.00,1108.49,1108.49,73.27,51,0
^SPX,2004-01-02,SPT,2004-12-18,1150.000,c,0.00,0.00,0.00,0.00,0,50,45.40,50,47.40,1107.80,1107.80,50,46.30,50,48.30,1108.49,1108.49,0.00,10555,0
^SPX,2004-01-02,SPT,2004-12-18,1150.000,p,85.50,86.10,85.50,86.10,222,1,89.40,1,91.40,1107.80,1107.80,1,88.10,1,90.10,1108.49,1108.49,86.07,1114,0
^SPX,2004-01-02,SZP,2004-12-18,1200.000,c,30.00,30.50,30.00,30.50,15,50,27.20,50,29.20,1107.80,1107.80,50,27.90,50,29.90,1108.49,1108.49,30.17,19395,0
^SPX,2004-01-02,SZP,2004-12-18,1200.000,p,0.00,0.00,0.00,0.00,0,1,120.50,1,122.50,1107.80,1107.80,1,118.80,1,120.80,1108.49,1108.49,0.00,801,0
^SPX,2004-01-02,SZP,2004-12-18,1245.000,c,18.10,18.20,18.10,18.20,4,50,15.80,50,17.40,1107.80,1107.80,50,16.40,50,18.00,1108.49,1108.49,18.17,0,0
^SPX,2004-01-02,SZP,2004-12-18,1245.000,p,0.00,0.00,0.00,0.00,0,1,153.30,1,155.30,1107.80,1107.80,1,151.40,1,153.40,1108.49,1108.49,0.00,0,0
^SPX,2004-01-02,SZP,2004-12-18,1250.000,c,18.10,18.10,15.80,15.80,6,50,14.70,50,16.30,1107.80,1107.80,50,15.10,2,16.00,1108.49,1108.49,16.93,14478,0
^SPX,2004-01-02,SZP,2004-12-18,1250.000,p,0.00,0.00,0.00,0.00,0,1,157.10,1,159.10,1107.80,1107.80,1,155.30,1,157.30,1108.49,1108.49,0.00,16580,0
^SPX,2004-01-02,SXY,2004-12-18,1300.000,c,0.00,0.00,0.00,0.00,0,50,7.80,50,8.80,1107.80,1107.80,50,8.10,50,9.10,1108.49,1108.49,0.00,10920,0
^SPX,2004-01-02,SXY,2004-12-18,1300.000,p,0.00,0.00,0.00,0.00,0,1,199.50,1,201.50,1107.80,1107.80,1,197.10,1,199.10,1108.49,1108.49,0.00,2269,0
^SPX,2004-01-02,SXY,2004-12-18,1350.000,c,0.00,0.00,0.00,0.00,0,50,3.90,50,4.70,1107.80,1107.80,50,4.00,50,4.80,1108.49,1108.49,0.00,302,0
^SPX,2004-01-02,SXY,2004-12-18,1350.000,p,0.00,0.00,0.00,0.00,0,1,244.70,1,246.70,1107.80,1107.80,1,242.20,1,244.20,1108.49,1108.49,0.00,83,0
^SPX,2004-01-02,SXZ,2004-12-18,1400.000,c,0.00,0.00,0.00,0.00,0,50,1.95,50,2.45,1107.80,1107.80,50,2.00,50,2.80,1108.49,1108.49,0.00,3005,0
^SPX,2004-01-02,SXZ,2004-12-18,1400.000,p,287.00,293.30,287.00,293.30,12,1,292.00,1,294.00,1107.80,1107.80,1,289.40,1,291.40,1108.49,1108.49,292.25,850,0
^SPX,2004-01-02,SXZ,2004-12-18,1450.000,c,1.30,1.30,1.30,1.30,15,50,0.85,50,1.35,1107.80,1107.80,50,0.90,50,1.40,1108.49,1108.49,1.30,1600,0
^SPX,2004-01-02,SXZ,2004-12-18,1450.000,p,0.00,0.00,0.00,0.00,0,1,340.20,1,342.20,1107.80,1107.80,1,337.50,1,339.50,1108.49,1108.49,0.00,285,0
^SPX,2004-01-02,SXM,2004-12-18,1500.000,c,0.00,0.00,0.00,0.00,0,50,0.30,50,0.80,1107.80,1107.80,50,0.30,50,0.80,1108.49,1108.49,0.00,6,0
^SPX,2004-01-02,SXM,2004-12-18,1500.000,p,0.00,0.00,0.00,0.00,0,1,388.90,1,390.90,1107.80,1107.80,1,386.30,1,388.30,1108.49,1108.49,0.00,126,0
^SPX,2004-01-02,SXM,2004-12-18,1550.000,c,0.00,0.00,0.00,0.00,0,0,0.00,50,0.50,1107.80,1107.80,0,0.00,50,0.50,1108.49,1108.49,0.00,755,0
^SPX,2004-01-02,SXM,2004-12-18,1550.000,p,0.00,0.00,0.00,0.00,0,1,438.00,1,440.00,1107.80,1107.80,1,435.30,1,437.30,1108.49,1108.49,0.00,702,0
^SPX,2004-01-02,SPL,2005-06-18,500.000,c,0.00,0.00,0.00,0.00,0,1,593.70,1,597.70,1107.80,1107.80,1,595.90,1,599.90,1108.49,1108.49,0.00,3550,0
^SPX,2004-01-02,SPL,2005-06-18,500.000,p,1.30,1.30,1.30,1.30,51,50,1.05,24,1.25,1107.80,1107.80,50,1.05,24,1.25,1108.49,1108.49,1.30,2160,0
^SPX,2004-01-02,SPL,2005-06-18,600.000,c,0.00,0.00,0.00,0.00,0,1,498.00,1,502.00,1107.80,1107.80,1,500.60,1,504.60,1108.49,1108.49,0.00,7,0
^SPX,2004-01-02,SPL,2005-06-18,600.000,p,3.90,3.90,3.90,3.90,1,50,2.95,50,4.10,1107.80,1107.80,50,2.85,50,4.00,1108.49,1108.49,3.90,2830,0
^SPX,2004-01-02,SPL,2005-06-18,700.000,c,0.00,0.00,0.00,0.00,0,1,404.10,1,408.10,1107.80,1107.80,1,406.40,1,410.40,1108.49,1108.49,0.00,106,0
^SPX,2004-01-02,SPL,2005-06-18,700.000,p,0.00,0.00,0.00,0.00,0,50,5.70,50,7.70,1107.80,1107.80,50,5.60,50,7.60,1108.49,1108.49,0.00,3637,0
^SPX,2004-01-02,SPL,2005-06-18,750.000,c,0.00,0.00,0.00,0.00,0,1,358.30,1,362.30,1107.80,1107.80,1,360.30,1,364.30,1108.49,1108.49,0.00,854,0
^SPX,2004-01-02,SPL,2005-06-18,750.000,p,9.20,9.20,9.20,9.20,20,50,8.60,50,10.60,1107.80,1107.80,50,8.40,50,10.40,1108.49,1108.49,9.20,2560,0
^SPX,2004-01-02,SPL,2005-06-18,800.000,c,0.00,0.00,0.00,0.00,0,1,313.20,1,317.20,1107.80,1107.80,1,315.40,1,319.40,1108.49,1108.49,0.00,49,0
^SPX,2004-01-02,SPL,2005-06-18,800.000,p,0.00,0.00,0.00,0.00,0,50,11.60,50,14.80,1107.80,1107.80,50,11.30,50,14.50,1108.49,1108.49,0.00,6284,0
^SPX,2004-01-02,SPL,2005-06-18,850.000,c,0.00,0.00,0.00,0.00,0,1,269.90,1,273.90,1107.80,1107.80,1,272.00,1,276.00,1108.49,1108.49,0.00,2,0
^SPX,2004-01-02,SPL,2005-06-18,850.000,p,16.50,16.50,16.50,16.50,2,1,16.90,1,20.10,1107.80,1107.80,1,16.60,1,19.80,1108.49,1108.49,16.50,3736,0
^SPX,2004-01-02,SPL,2005-06-18,900.000,c,0.00,0.00,0.00,0.00,0,1,227.40,1,231.40,1107.80,1107.80,1,229.60,1,233.60,1108.49,1108.49,0.00,1281,0
^SPX,2004-01-02,SPL,2005-06-18,900.000,p,22.30,22.30,22.30,22.30,1,1,22.90,1,26.90,1107.80,1107.80,1,22.50,1,26.50,1108.49,1108.49,22.30,5549,0
^SPX,2004-01-02,SPL,2005-06-18,920.000,c,0.00,0.00,0.00,0.00,0,0,0.00,0,0.00,1107.80,1107.80,0,0.00,0,0.00,1108.49,1108.49,0.00,0,0
^SPX,2004-01-02,SPL,2005-06-18,920.000,p,0.00,0.00,0.00,0.00,0,0,0.00,0,0.00,1107.80,1107.80,0,0.00,0,0.00,1108.49,1108.49,0.00,0,0
^SPX,2004-01-02,SPL,2005-06-18,925.000,c,0.00,0.00,0.00,0.00,0,1,207.40,1,211.40,1107.80,1107.80,1,209.20,1,213.20,1108.49,1108.49,0.00,451,0
^SPX,2004-01-02,SPL,2005-06-18,925.000,p,0.00,0.00,0.00,0.00,0,1,27.10,1,31.10,1107.80,1107.80,1,26.70,1,30.70,1108.49,1108.49,0.00,651,0
^SPX,2004-01-02,SPL,2005-06-18,950.000,c,0.00,0.00,0.00,0.00,0,1,187.50,1,191.50,1107.80,1107.80,1,189.40,1,193.40,1108.49,1108.49,0.00,1723,0
^SPX,2004-01-02,SPL,2005-06-18,950.000,p,0.00,0.00,0.00,0.00,0,1,31.50,1,35.50,1107.80,1107.80,1,31.00,1,35.00,1108.49,1108.49,0.00,5101,0
^SPX,2004-01-02,SPL,2005-06-18,975.000,c,178.00,178.00,178.00,178.00,50,1,168.50,1,172.50,1107.80,1107.80,1,170.30,1,174.30,1108.49,1108.49,178.00,2131,0
^SPX,2004-01-02,SPL,2005-06-18,975.000,p,35.50,35.50,35.50,35.50,150,1,36.90,1,40.90,1107.80,1107.80,1,36.30,1,40.30,1108.49,1108.49,35.50,2416,0
^SPX,2004-01-02,SPL,2005-06-18,995.000,c,0.00,0.00,0.00,0.00,0,1,153.80,1,157.80,1107.80,1107.80,1,155.40,1,159.40,1108.49,1108.49,0.00,4942,0
^SPX,2004-01-02,SPL,2005-06-18,995.000,p,42.00,42.00,42.00,42.00,9,1,41.60,1,45.60,1107.80,1107.80,1,41.00,1,45.00,1108.49,1108.49,42.00,3377,0
^SPX,2004-01-02,SXG,2005-06-18,1005.000,c,0.00,0.00,0.00,0.00,0,1,146.50,1,150.50,1107.80,1107.80,1,148.40,1,152.40,1108.49,1108.49,0.00,2323,0
^SPX,2004-01-02,SXG,2005-06-18,1005.000,p,44.50,44.50,43.60,43.60,3,1,44.30,1,48.30,1107.80,1107.80,2,43.50,1,47.50,1108.49,1108.49,43.90,2472,0
^SPX,2004-01-02,SXG,2005-06-18,1025.000,c,0.00,0.00,0.00,0.00,0,1,132.10,1,136.10,1107.80,1107.80,1,133.90,1,137.90,1108.49,1108.49,0.00,9717,0
^SPX,2004-01-02,SXG,2005-06-18,1025.000,p,0.00,0.00,0.00,0.00,0,1,49.30,1,53.30,1107.80,1107.80,1,48.50,1,52.50,1108.49,1108.49,0.00,7908,0
^SPX,2004-01-02,SXG,2005-06-18,1050.000,c,0.00,0.00,0.00,0.00,0,1,115.40,1,119.40,1107.80,1107.80,1,116.90,1,120.90,1108.49,1108.49,0.00,6569,0
^SPX,2004-01-02,SXG,2005-06-18,1050.000,p,0.00,0.00,0.00,0.00,0,1,57.00,1,61.00,1107.80,1107.80,1,56.10,1,60.10,1108.49,1108.49,0.00,7686,0
^SPX,2004-01-02,SXG,2005-06-18,1075.000,c,0.00,0.00,0.00,0.00,0,1,100.10,1,104.10,1107.80,1107.80,1,101.50,1,105.50,1108.49,1108.49,0.00,103,0
^SPX,2004-01-02,SXG,2005-06-18,1075.000,p,0.00,0.00,0.00,0.00,0,1,66.00,1,70.00,1107.80,1107.80,1,65.00,1,69.00,1108.49,1108.49,0.00,1533,0
^SPX,2004-01-02,SXG,2005-06-18,1100.000,c,93.00,93.00,93.00,93.00,1,1,85.80,1,89.80,1107.80,1107.80,1,87.30,1,91.30,1108.49,1108.49,93.00,5379,0
^SPX,2004-01-02,SXG,2005-06-18,1100.000,p,74.50,77.00,74.50,77.00,381,1,76.10,1,80.10,1107.80,1107.80,1,74.90,1,78.90,1108.49,1108.49,76.15,2634,0
^SPX,2004-01-02,SXG,2005-06-18,1150.000,c,67.60,67.60,67.60,67.60,1,50,60.50,50,64.50,1107.80,1107.80,50,61.70,50,65.70,1108.49,1108.49,67.60,238,0
^SPX,2004-01-02,SXG,2005-06-18,1150.000,p,98.80,98.80,98.80,98.80,220,1,99.40,1,103.40,1107.80,1107.80,1,98.00,1,102.00,1108.49,1108.49,98.80,106,0
^SPX,2004-01-02,SXG,2005-06-18,1200.000,c,47.50,47.50,47.30,47.30,1000,50,40.40,50,44.40,1107.80,1107.80,50,41.30,50,45.30,1108.49,1108.49,47.34,10731,0
^SPX,2004-01-02,SXG,2005-06-18,1200.000,p,125.00,131.00,125.00,131.00,9,1,127.80,1,131.80,1107.80,1107.80,1,126.30,1,130.30,1108.49,1108.49,129.94,993,0
^SPX,2004-01-02,SXG,2005-06-18,1250.000,c,0.00,0.00,0.00,0.00,0,50,25.20,50,29.20,1107.80,1107.80,50,25.80,50,29.80,1108.49,1108.49,0.00,1640,0
^SPX,2004-01-02,SXG,2005-06-18,1250.000,p,160.00,164.00,160.00,164.00,400,1,161.30,1,165.30,1107.80,1107.80,1,159.70,1,163.70,1108.49,1108.49,161.00,16796,0
^SPX,2004-01-02,SXG,2005-06-18,1300.000,c,0.00,0.00,0.00,0.00,0,50,15.30,50,18.50,1107.80,1107.80,50,15.70,50,18.90,1108.49,1108.49,0.00,3381,0
^SPX,2004-01-02,SXG,2005-06-18,1300.000,p,0.00,0.00,0.00,0.00,0,1,199.70,1,203.70,1107.80,1107.80,1,197.70,1,201.70,1108.49,1108.49,0.00,2183,0
^SPX,2004-01-02,SXG,2005-06-18,1400.000,c,0.00,0.00,0.00,0.00,0,50,5.50,50,7.50,1107.80,1107.80,50,5.70,50,7.70,1108.49,1108.49,0.00,3310,0
^SPX,2004-01-02,SXG,2005-06-18,1400.000,p,0.00,0.00,0.00,0.00,0,1,286.60,1,290.60,1107.80,1107.80,1,284.40,1,288.40,1108.49,1108.49,0.00,125,0
^SPX,2004-01-02,SYZ,2005-06-18,1500.000,c,0.00,0.00,0.00,0.00,0,50,1.90,50,2.90,1107.80,1107.80,50,1.95,50,2.95,1108.49,1108.49,0.00,8414,0
^SPX,2004-01-02,SYZ,2005-06-18,1500.000,p,0.00,0.00,0.00,0.00,0,10,379.70,10,383.70,1107.80,1107.80,10,377.40,10,381.40,1108.49,1108.49,0.00,347,0
^SPX,2004-01-02,SPL,2005-12-17,700.000,c,417.00,417.00,410.00,410.00,4,1,410.00,1,413.30,1107.80,1107.80,1,411.50,1,415.50,1108.49,1108.49,415.25,0,0
^SPX,2004-01-02,SPL,2005-12-17,700.000,p,0.00,0.00,0.00,0.00,0,50,9.10,50,11.10,1107.80,1107.80,50,8.90,50,10.90,1108.49,1108.49,0.00,0,0
^SPX,2004-01-02,SPL,2005-12-17,750.000,c,0.00,0.00,0.00,0.00,0,1,365.00,1,369.00,1107.80,1107.80,1,367.20,1,371.20,1108.49,1108.49,0.00,0,0
^SPX,2004-01-02,SPL,2005-12-17,750.000,p,0.00,0.00,0.00,0.00,0,50,12.10,50,15.30,1107.80,1107.80,50,11.90,50,15.10,1108.49,1108.49,0.00,0,0
^SPX,2004-01-02,SPL,2005-12-17,800.000,c,0.00,0.00,0.00,0.00,0,1,322.00,1,326.00,1107.80,1107.80,1,324.10,1,328.10,1108.49,1108.49,0.00,0,0
^SPX,2004-01-02,SPL,2005-12-17,800.000,p,17.80,17.80,17.80,17.80,10,50,17.00,50,20.20,1107.80,1107.80,50,16.70,50,19.90,1108.49,1108.49,17.80,0,0
^SPX,2004-01-02,SPL,2005-12-17,850.000,c,0.00,0.00,0.00,0.00,0,1,280.20,1,284.20,1107.80,1107.80,1,282.10,1,286.10,1108.49,1108.49,0.00,0,0
^SPX,2004-01-02,SPL,2005-12-17,850.000,p,0.00,0.00,0.00,0.00,0,50,22.70,50,26.70,1107.80,1107.80,50,22.30,50,26.30,1108.49,1108.49,0.00,1,0
^SPX,2004-01-02,SPL,2005-12-17,900.000,c,0.00,0.00,0.00,0.00,0,1,239.10,1,243.10,1107.80,1107.80,1,241.10,1,245.10,1108.49,1108.49,0.00,0,0
^SPX,2004-01-02,SPL,2005-12-17,900.000,p,30.00,30.00,30.00,30.00,2,51,29.50,50,33.50,1107.80,1107.80,1,29.50,50,33.10,1108.49,1108.49,30.00,0,0
^SPX,2004-01-02,SPL,2005-12-17,920.000,c,0.00,0.00,0.00,0.00,0,0,0.00,0,0.00,1107.80,1107.80,0,0.00,0,0.00,1108.49,1108.49,0.00,0,0
^SPX,2004-01-02,SPL,2005-12-17,920.000,p,0.00,0.00,0.00,0.00,0,0,0.00,0,0.00,1107.80,1107.80,0,0.00,0,0.00,1108.49,1108.49,0.00,0,0
^SPX,2004-01-02,SPL,2005-12-17,930.000,c,0.00,0.00,0.00,0.00,0,1,217.40,1,221.40,1107.80,1107.80,1,219.10,1,223.10,1108.49,1108.49,0.00,0,0
^SPX,2004-01-02,SPL,2005-12-17,930.000,p,0.00,0.00,0.00,0.00,0,1,36.50,1,40.50,1107.80,1107.80,1,36.00,1,40.00,1108.49,1108.49,0.00,15,0
^SPX,2004-01-02,SPL,2005-12-17,950.000,c,0.00,0.00,0.00,0.00,0,1,201.40,1,205.40,1107.80,1107.80,1,203.30,1,207.30,1108.49,1108.49,0.00,0,0
^SPX,2004-01-02,SPL,2005-12-17,950.000,p,0.00,0.00,0.00,0.00,0,1,39.60,1,43.60,1107.80,1107.80,1,39.10,1,43.10,1108.49,1108.49,0.00,1,0
^SPX,2004-01-02,SPL,2005-12-17,995.000,c,0.00,0.00,0.00,0.00,0,1,169.10,1,173.10,1107.80,1107.80,1,170.80,1,174.80,1108.49,1108.49,0.00,0,0
^SPX,2004-01-02,SPL,2005-12-17,995.000,p,50.80,50.80,50.80,50.80,6,1,50.40,1,54.40,1107.80,1107.80,1,49.70,1,53.70,1108.49,1108.49,50.80,2,0
^SPX,2004-01-02,SXG,2005-12-17,1005.000,c,0.00,0.00,0.00,0.00,0,1,162.00,1,166.00,1107.80,1107.80,1,163.70,1,167.70,1108.49,1108.49,0.00,0,0
^SPX,2004-01-02,SXG,2005-12-17,1005.000,p,0.00,0.00,0.00,0.00,0,1,52.90,1,56.90,1107.80,1107.80,1,52.20,1,56.20,1108.49,1108.49,0.00,0,0
^SPX,2004-01-02,SXG,2005-12-17,1050.000,c,0.00,0.00,0.00,0.00,0,1,132.30,1,136.30,1107.80,1107.80,1,133.80,1,137.80,1108.49,1108.49,0.00,768,0
^SPX,2004-01-02,SXG,2005-12-17,1050.000,p,65.10,65.10,65.10,65.10,1,1,66.30,1,70.30,1107.80,1107.80,1,65.40,1,69.40,1108.49,1108.49,65.10,1866,0
^SPX,2004-01-02,SXG,2005-12-17,1100.000,c,105.00,105.00,105.00,105.00,2,1,103.20,1,107.20,1107.80,1107.80,1,104.60,1,108.60,1108.49,1108.49,105.00,1009,0
^SPX,2004-01-02,SXG,2005-12-17,1100.000,p,83.10,83.10,83.10,83.10,1,1,85.10,1,89.10,1107.80,1107.80,1,84.10,1,88.10,1108.49,1108.49,83.10,608,0
^SPX,2004-01-02,SXG,2005-12-17,1150.000,c,80.30,80.30,80.30,80.30,1,1,77.10,1,81.10,1107.80,1107.80,1,78.30,1,82.30,1108.49,1108.49,80.30,550,0
^SPX,2004-01-02,SXG,2005-12-17,1150.000,p,0.00,0.00,0.00,0.00,0,1,106.90,1,110.90,1107.80,1107.80,1,105.60,1,109.60,1108.49,1108.49,0.00,2,0
^SPX,2004-01-02,SXG,2005-12-17,1200.000,c,62.30,62.30,62.30,62.30,100,1,55.90,1,59.90,1107.80,1107.80,1,56.90,1,60.90,1108.49,1108.49,62.30,1,0
^SPX,2004-01-02,SXG,2005-12-17,1200.000,p,136.90,136.90,136.90,136.90,7,1,133.60,1,137.60,1107.80,1107.80,1,132.10,1,136.10,1108.49,1108.49,136.90,0,0
^SPX,2004-01-02,SXG,2005-12-17,1250.000,c,0.00,0.00,0.00,0.00,0,50,39.10,50,43.10,1107.80,1107.80,50,39.90,50,43.90,1108.49,1108.49,0.00,400,0
^SPX,2004-01-02,SXG,2005-12-17,1250.000,p,164.00,167.50,164.00,167.50,340,1,164.60,1,168.60,1107.80,1107.80,1,163.00,1,167.00,1108.49,1108.49,164.41,0,0
^SPX,2004-01-02,SXG,2005-12-17,1300.000,c,0.00,0.00,0.00,0.00,0,50,26.30,50,30.30,1107.80,1107.80,50,26.90,50,30.90,1108.49,1108.49,0.00,0,0
^SPX,2004-01-02,SXG,2005-12-17,1300.000,p,0.00,0.00,0.00,0.00,0,1,199.70,1,203.70,1107.80,1107.80,1,197.90,1,201.90,1108.49,1108.49,0.00,0,0
^SPX,2004-01-02,SXG,2005-12-17,1325.000,c,0.00,0.00,0.00,0.00,0,50,20.70,50,24.70,1107.80,1107.80,50,21.20,50,25.20,1108.49,1108.49,0.00,15,0
^SPX,2004-01-02,SXG,2005-12-17,1325.000,p,0.00,0.00,0.00,0.00,0,1,218.10,1,222.10,1107.80,1107.80,1,216.20,1,220.20,1108.49,1108.49,0.00,0,0
^SPX,2004-01-02,SXG,2005-12-17,1350.000,c,21.00,21.00,21.00,21.00,2,50,16.70,50,19.90,1107.80,1107.80,50,17.10,50,20.30,1108.49,1108.49,21.00,2,0
^SPX,2004-01-02,SXG,2005-12-17,1350.000,p,0.00,0.00,0.00,0.00,0,1,237.60,1,241.60,1107.80,1107.80,1,235.60,1,239.60,1108.49,1108.49,0.00,6,0
^SPX,2004-01-02,SXG,2005-12-17,1400.000,c,0.00,0.00,0.00,0.00,0,50,10.10,50,13.30,1107.80,1107.80,50,10.10,50,13.30,1108.49,1108.49,0.00,250,0
^SPX,2004-01-02,SXG,2005-12-17,1400.000,p,276.00,283.30,276.00,283.30,12,1,278.60,1,282.60,1107.80,1107.80,1,276.70,1,280.70,1108.49,1108.49,282.08,8,0
